Steps: 500
Total Time: 0.5
Dt: 0.001
Step: 0  Time: 0.0000000
Mtx (6x6) | Vector x | Vector b
------------------------------------------
0.000   0.000   0.000   -1.000  -1.000  0.000    | 0.000   | 0.000  
0.000   0.010   -0.010  0.000   0.000   -1.000   | 0.000   | 0.000  
0.000   -0.010  0.010   0.000   0.000   1.000    | 0.000   | 0.000  
-1.000  0.000   0.000   0.000   0.000   0.000    | 0.000   | 0.000  
-1.000  0.000   0.000   0.000   -1000.000 -950.000  | 0.000   | 0.000  
0.000   -1.000  1.000   0.000   -950.000 -1000.000  | 0.000   | 0.000  
Node 0 : 0
Node 1 : 0
Node 2 : 0
Node 3 : 0
-----------------------------------
Step: 1  Time: 0.0010000
Mtx (6x6) | Vector x | Vector b
------------------------------------------
0.000   0.000   0.000   -1.000  -1.000  0.000    | 0.000   | 0.000  
0.000   0.010   -0.010  0.000   0.000   -1.000   | 0.000   | 0.000  
0.000   -0.010  0.010   0.000   0.000   1.000    | 0.000   | 0.000  
-1.000  0.000   0.000   0.000   0.000   0.000    | 0.000   | 0.627  
-1.000  0.000   0.000   0.000   -1000.000 -950.000  | 0.000   | 0.000  
0.000   -1.000  1.000   0.000   -950.000 -1000.000  | 0.000   | 0.000  
Node 0 : 0
Node 1 : -0.626666
Node 2 : -0.301434
Node 3 : 0
-----------------------------------
Step: 2  Time: 0.0020000
Mtx (6x6) | Vector x | Vector b
------------------------------------------
0.000   0.000   0.000   -1.000  -1.000  0.000    | 0.000   | 0.000  
0.000   0.010   -0.010  0.000   0.000   -1.000   | 0.000   | 0.000  
0.000   -0.010  0.010   0.000   0.000   1.000    | 0.000   | 0.000  
-1.000  0.000   0.000   0.000   0.000   0.000    | 0.000   | 1.243  
-1.000  0.000   0.000   0.000   -1000.000 -950.000  | 0.000   | -0.627 
0.000   -1.000  1.000   0.000   -950.000 -1000.000  | 0.000   | -0.301 
Node 0 : 0
Node 1 : -1.24345
Node 2 : -0.746924
Node 3 : 0
-----------------------------------
Step: 3  Time: 0.0030000
Mtx (6x6) | Vector x | Vector b
------------------------------------------
0.000   0.000   0.000   -1.000  -1.000  0.000    | 0.000   | 0.000  
0.000   0.010   -0.010  0.000   0.000   -1.000   | 0.000   | 0.000  
0.000   -0.010  0.010   0.000   0.000   1.000    | 0.000   | 0.000  
-1.000  0.000   0.000   0.000   0.000   0.000    | 0.000   | 1.841  
-1.000  0.000   0.000   0.000   -1000.000 -950.000  | 0.000   | -1.870 
0.000   -1.000  1.000   0.000   -950.000 -1000.000  | 0.000   | -1.048 
Node 0 : 0
Node 1 : -1.84062
Node 2 : -1.2541
Node 3 : 0
-----------------------------------
Step: 4  Time: 0.0040000
Mtx (6x6) | Vector x | Vector b
------------------------------------------
0.000   0.000   0.000   -1.000  -1.000  0.000    | 0.000   | 0.000  
0.000   0.010   -0.010  0.000   0.000   -1.000   | 0.000   | 0.000  
0.000   -0.010  0.010   0.000   0.000   1.000    | 0.000   | 0.000  
-1.000  0.000   0.000   0.000   0.000   0.000    | 0.000   | 2.409  
-1.000  0.000   0.000   0.000   -1000.000 -950.000  | 0.000   | -3.711 
0.000   -1.000  1.000   0.000   -950.000 -1000.000  | 0.000   | -2.302 
Node 0 : 0
Node 1 : -2.40877
Node 2 : -1.77776
Node 3 : 0
-----------------------------------
Step: 5  Time: 0.0050000
Mtx (6x6) | Vector x | Vector b
------------------------------------------
0.000   0.000   0.000   -1.000  -1.000  0.000    | 0.000   | 0.000  
0.000   0.010   -0.010  0.000   0.000   -1.000   | 0.000   | 0.000  
0.000   -0.010  0.010   0.000   0.000   1.000    | 0.000   | 0.000  
-1.000  0.000   0.000   0.000   0.000   0.000    | 0.000   | 2.939  
-1.000  0.000   0.000   0.000   -1000.000 -950.000  | 0.000   | -6.120 
0.000   -1.000  1.000   0.000   -950.000 -1000.000  | 0.000   | -4.080 
Node 0 : 0
Node 1 : -2.93893
Node 2 : -2.29129
Node 3 : 0
-----------------------------------
Step: 6  Time: 0.0060000
Mtx (6x6) | Vector x | Vector b
------------------------------------------
0.000   0.000   0.000   -1.000  -1.000  0.000    | 0.000   | 0.000  
0.000   0.010   -0.010  0.000   0.000   -1.000   | 0.000   | 0.000  
0.000   -0.010  0.010   0.000   0.000   1.000    | 0.000   | 0.000  
-1.000  0.000   0.000   0.000   0.000   0.000    | 0.000   | 3.423  
-1.000  0.000   0.000   0.000   -1000.000 -950.000  | 0.000   | -9.058 
0.000   -1.000  1.000   0.000   -950.000 -1000.000  | 0.000   | -6.372 
Node 0 : 0
Node 1 : -3.42274
Node 2 : -2.77752
Node 3 : 0
-----------------------------------
Step: 7  Time: 0.0070000
Mtx (6x6) | Vector x | Vector b
------------------------------------------
0.000   0.000   0.000   -1.000  -1.000  0.000    | 0.000   | 0.000  
0.000   0.010   -0.010  0.000   0.000   -1.000   | 0.000   | 0.000  
0.000   -0.010  0.010   0.000   0.000   1.000    | 0.000   | 0.000  
-1.000  0.000   0.000   0.000   0.000   0.000    | 0.000   | 3.853  
-1.000  0.000   0.000   0.000   -1000.000 -950.000  | 0.000   | -12.481
0.000   -1.000  1.000   0.000   -950.000 -1000.000  | 0.000   | -9.149 
Node 0 : 0
Node 1 : -3.85257
Node 2 : -3.22431
Node 3 : 0
-----------------------------------
Step: 8  Time: 0.0080000
Mtx (6x6) | Vector x | Vector b
------------------------------------------
0.000   0.000   0.000   -1.000  -1.000  0.000    | 0.000   | 0.000  
0.000   0.010   -0.010  0.000   0.000   -1.000   | 0.000   | 0.000  
0.000   -0.010  0.010   0.000   0.000   1.000    | 0.000   | 0.000  
-1.000  0.000   0.000   0.000   0.000   0.000    | 0.000   | 4.222  
-1.000  0.000   0.000   0.000   -1000.000 -950.000  | 0.000   | -16.334
0.000   -1.000  1.000   0.000   -950.000 -1000.000  | 0.000   | -12.373
Node 0 : 0
Node 1 : -4.22164
Node 2 : -3.62241
Node 3 : 0
-----------------------------------
Step: 9  Time: 0.0090000
Mtx (6x6) | Vector x | Vector b
------------------------------------------
0.000   0.000   0.000   -1.000  -1.000  0.000    | 0.000   | 0.000  
0.000   0.010   -0.010  0.000   0.000   -1.000   | 0.000   | 0.000  
0.000   -0.010  0.010   0.000   0.000   1.000    | 0.000   | 0.000  
-1.000  0.000   0.000   0.000   0.000   0.000    | 0.000   | 4.524  
-1.000  0.000   0.000   0.000   -1000.000 -950.000  | 0.000   | -20.555
0.000   -1.000  1.000   0.000   -950.000 -1000.000  | 0.000   | -15.996
Node 0 : 0
Node 1 : -4.52414
Node 2 : -3.96445
Node 3 : 0
-----------------------------------
Step: 10  Time: 0.0100000
Mtx (6x6) | Vector x | Vector b
------------------------------------------
0.000   0.000   0.000   -1.000  -1.000  0.000    | 0.000   | 0.000  
0.000   0.010   -0.010  0.000   0.000   -1.000   | 0.000   | 0.000  
0.000   -0.010  0.010   0.000   0.000   1.000    | 0.000   | 0.000  
-1.000  0.000   0.000   0.000   0.000   0.000    | 0.000   | 4.755  
-1.000  0.000   0.000   0.000   -1000.000 -950.000  | 0.000   | -25.080
0.000   -1.000  1.000   0.000   -950.000 -1000.000  | 0.000   | -19.960
Node 0 : 0
Node 1 : -4.75528
Node 2 : -4.24448
Node 3 : 0
-----------------------------------
Step: 11  Time: 0.0110000
Mtx (6x6) | Vector x | Vector b
------------------------------------------
0.000   0.000   0.000   -1.000  -1.000  0.000    | 0.000   | 0.000  
0.000   0.010   -0.010  0.000   0.000   -1.000   | 0.000   | 0.000  
0.000   -0.010  0.010   0.000   0.000   1.000    | 0.000   | 0.000  
-1.000  0.000   0.000   0.000   0.000   0.000    | 0.000   | 4.911  
-1.000  0.000   0.000   0.000   -1000.000 -950.000  | 0.000   | -29.835
0.000   -1.000  1.000   0.000   -950.000 -1000.000  | 0.000   | -24.205
Node 0 : 0
Node 1 : -4.91144
Node 2 : -4.45784
Node 3 : 0
-----------------------------------
Step: 12  Time: 0.0120000
Mtx (6x6) | Vector x | Vector b
------------------------------------------
0.000   0.000   0.000   -1.000  -1.000  0.000    | 0.000   | 0.000  
0.000   0.010   -0.010  0.000   0.000   -1.000   | 0.000   | 0.000  
0.000   -0.010  0.010   0.000   0.000   1.000    | 0.000   | 0.000  
-1.000  0.000   0.000   0.000   0.000   0.000    | 0.000   | 4.990  
-1.000  0.000   0.000   0.000   -1000.000 -950.000  | 0.000   | -34.746
0.000   -1.000  1.000   0.000   -950.000 -1000.000  | 0.000   | -28.663
Node 0 : 0
Node 1 : -4.99013
Node 2 : -4.60102
Node 3 : 0
-----------------------------------
Step: 13  Time: 0.0130000
Mtx (6x6) | Vector x | Vector b
------------------------------------------
0.000   0.000   0.000   -1.000  -1.000  0.000    | 0.000   | 0.000  
0.000   0.010   -0.010  0.000   0.000   -1.000   | 0.000   | 0.000  
0.000   -0.010  0.010   0.000   0.000   1.000    | 0.000   | 0.000  
-1.000  0.000   0.000   0.000   0.000   0.000    | 0.000   | 4.990  
-1.000  0.000   0.000   0.000   -1000.000 -950.000  | 0.000   | -39.736
0.000   -1.000  1.000   0.000   -950.000 -1000.000  | 0.000   | -33.264
Node 0 : 0
Node 1 : -4.99013
Node 2 : -4.67171
Node 3 : 0
-----------------------------------
Step: 14  Time: 0.0140000
Mtx (6x6) | Vector x | Vector b
------------------------------------------
0.000   0.000   0.000   -1.000  -1.000  0.000    | 0.000   | 0.000  
0.000   0.010   -0.010  0.000   0.000   -1.000   | 0.000   | 0.000  
0.000   -0.010  0.010   0.000   0.000   1.000    | 0.000   | 0.000  
-1.000  0.000   0.000   0.000   0.000   0.000    | 0.000   | 4.911  
-1.000  0.000   0.000   0.000   -1000.000 -950.000  | 0.000   | -44.726
0.000   -1.000  1.000   0.000   -950.000 -1000.000  | 0.000   | -37.935
Node 0 : 0
Node 1 : -4.91144
Node 2 : -4.66875
Node 3 : 0
-----------------------------------
Step: 15  Time: 0.0150000
Mtx (6x6) | Vector x | Vector b
------------------------------------------
0.000   0.000   0.000   -1.000  -1.000  0.000    | 0.000   | 0.000  
0.000   0.010   -0.010  0.000   0.000   -1.000   | 0.000   | 0.000  
0.000   -0.010  0.010   0.000   0.000   1.000    | 0.000   | 0.000  
-1.000  0.000   0.000   0.000   0.000   0.000    | 0.000   | 4.755  
-1.000  0.000   0.000   0.000   -1000.000 -950.000  | 0.000   | -49.638
0.000   -1.000  1.000   0.000   -950.000 -1000.000  | 0.000   | -42.604
Node 0 : 0
Node 1 : -4.75528
Node 2 : -4.59218
Node 3 : 0
-----------------------------------
Step: 16  Time: 0.0160000
Mtx (6x6) | Vector x | Vector b
------------------------------------------
0.000   0.000   0.000   -1.000  -1.000  0.000    | 0.000   | 0.000  
0.000   0.010   -0.010  0.000   0.000   -1.000   | 0.000   | 0.000  
0.000   -0.010  0.010   0.000   0.000   1.000    | 0.000   | 0.000  
-1.000  0.000   0.000   0.000   0.000   0.000    | 0.000   | 4.524  
-1.000  0.000   0.000   0.000   -1000.000 -950.000  | 0.000   | -54.393
0.000   -1.000  1.000   0.000   -950.000 -1000.000  | 0.000   | -47.196
Node 0 : 0
Node 1 : -4.52414
Node 2 : -4.44319
Node 3 : 0
-----------------------------------
Step: 17  Time: 0.0170000
Mtx (6x6) | Vector x | Vector b
------------------------------------------
0.000   0.000   0.000   -1.000  -1.000  0.000    | 0.000   | 0.000  
0.000   0.010   -0.010  0.000   0.000   -1.000   | 0.000   | 0.000  
0.000   -0.010  0.010   0.000   0.000   1.000    | 0.000   | 0.000  
-1.000  0.000   0.000   0.000   0.000   0.000    | 0.000   | 4.222  
-1.000  0.000   0.000   0.000   -1000.000 -950.000  | 0.000   | -58.917
0.000   -1.000  1.000   0.000   -950.000 -1000.000  | 0.000   | -51.639
Node 0 : 0
Node 1 : -4.22164
Node 2 : -4.22414
Node 3 : 0
-----------------------------------
Step: 18  Time: 0.0180000
Mtx (6x6) | Vector x | Vector b
------------------------------------------
0.000   0.000   0.000   -1.000  -1.000  0.000    | 0.000   | 0.000  
0.000   0.010   -0.010  0.000   0.000   -1.000   | 0.000   | 0.000  
0.000   -0.010  0.010   0.000   0.000   1.000    | 0.000   | 0.000  
-1.000  0.000   0.000   0.000   0.000   0.000    | 0.000   | 3.853  
-1.000  0.000   0.000   0.000   -1000.000 -950.000  | 0.000   | -63.139
0.000   -1.000  1.000   0.000   -950.000 -1000.000  | 0.000   | -55.864
Node 0 : 0
Node 1 : -3.85257
Node 2 : -3.93847
Node 3 : 0
-----------------------------------
Step: 19  Time: 0.0190000
Mtx (6x6) | Vector x | Vector b
------------------------------------------
0.000   0.000   0.000   -1.000  -1.000  0.000    | 0.000   | 0.000  
0.000   0.010   -0.010  0.000   0.000   -1.000   | 0.000   | 0.000  
0.000   -0.010  0.010   0.000   0.000   1.000    | 0.000   | 0.000  
-1.000  0.000   0.000   0.000   0.000   0.000    | 0.000   | 3.423  
-1.000  0.000   0.000   0.000   -1000.000 -950.000  | 0.000   | -66.992
0.000   -1.000  1.000   0.000   -950.000 -1000.000  | 0.000   | -59.802
Node 0 : 0
Node 1 : -3.42274
Node 2 : -3.59069
Node 3 : 0
-----------------------------------
Step: 20  Time: 0.0200000
Mtx (6x6) | Vector x | Vector b
------------------------------------------
0.000   0.000   0.000   -1.000  -1.000  0.000    | 0.000   | 0.000  
0.000   0.010   -0.010  0.000   0.000   -1.000   | 0.000   | 0.000  
0.000   -0.010  0.010   0.000   0.000   1.000    | 0.000   | 0.000  
-1.000  0.000   0.000   0.000   0.000   0.000    | 0.000   | 2.939  
-1.000  0.000   0.000   0.000   -1000.000 -950.000  | 0.000   | -70.414
0.000   -1.000  1.000   0.000   -950.000 -1000.000  | 0.000   | -63.393
Node 0 : 0
Node 1 : -2.93893
Node 2 : -3.18628
Node 3 : 0
-----------------------------------
Step: 21  Time: 0.0210000
Mtx (6x6) | Vector x | Vector b
------------------------------------------
0.000   0.000   0.000   -1.000  -1.000  0.000    | 0.000   | 0.000  
0.000   0.010   -0.010  0.000   0.000   -1.000   | 0.000   | 0.000  
0.000   -0.010  0.010   0.000   0.000   1.000    | 0.000   | 0.000  
-1.000  0.000   0.000   0.000   0.000   0.000    | 0.000   | 2.409  
-1.000  0.000   0.000   0.000   -1000.000 -950.000  | 0.000   | -73.353
0.000   -1.000  1.000   0.000   -950.000 -1000.000  | 0.000   | -66.579
Node 0 : 0
Node 1 : -2.40877
Node 2 : -2.73162
Node 3 : 0
-----------------------------------
Step: 22  Time: 0.0220000
Mtx (6x6) | Vector x | Vector b
------------------------------------------
0.000   0.000   0.000   -1.000  -1.000  0.000    | 0.000   | 0.000  
0.000   0.010   -0.010  0.000   0.000   -1.000   | 0.000   | 0.000  
0.000   -0.010  0.010   0.000   0.000   1.000    | 0.000   | 0.000  
-1.000  0.000   0.000   0.000   0.000   0.000    | 0.000   | 1.841  
-1.000  0.000   0.000   0.000   -1000.000 -950.000  | 0.000   | -75.762
0.000   -1.000  1.000   0.000   -950.000 -1000.000  | 0.000   | -69.311
Node 0 : 0
Node 1 : -1.84062
Node 2 : -2.23388
Node 3 : 0
-----------------------------------
Step: 23  Time: 0.0230000
Mtx (6x6) | Vector x | Vector b
------------------------------------------
0.000   0.000   0.000   -1.000  -1.000  0.000    | 0.000   | 0.000  
0.000   0.010   -0.010  0.000   0.000   -1.000   | 0.000   | 0.000  
0.000   -0.010  0.010   0.000   0.000   1.000    | 0.000   | 0.000  
-1.000  0.000   0.000   0.000   0.000   0.000    | 0.000   | 1.243  
-1.000  0.000   0.000   0.000   -1000.000 -950.000  | 0.000   | -77.603
0.000   -1.000  1.000   0.000   -950.000 -1000.000  | 0.000   | -71.544
Node 0 : 0
Node 1 : -1.24345
Node 2 : -1.70092
Node 3 : 0
-----------------------------------
Step: 24  Time: 0.0240000
Mtx (6x6) | Vector x | Vector b
------------------------------------------
0.000   0.000   0.000   -1.000  -1.000  0.000    | 0.000   | 0.000  
0.000   0.010   -0.010  0.000   0.000   -1.000   | 0.000   | 0.000  
0.000   -0.010  0.010   0.000   0.000   1.000    | 0.000   | 0.000  
-1.000  0.000   0.000   0.000   0.000   0.000    | 0.000   | 0.627  
-1.000  0.000   0.000   0.000   -1000.000 -950.000  | 0.000   | -78.846
0.000   -1.000  1.000   0.000   -950.000 -1000.000  | 0.000   | -73.245
Node 0 : 0
Node 1 : -0.626666
Node 2 : -1.14113
Node 3 : 0
-----------------------------------
Step: 25  Time: 0.0250000
Mtx (6x6) | Vector x | Vector b
------------------------------------------
0.000   0.000   0.000   -1.000  -1.000  0.000    | 0.000   | 0.000  
0.000   0.010   -0.010  0.000   0.000   -1.000   | 0.000   | 0.000  
0.000   -0.010  0.010   0.000   0.000   1.000    | 0.000   | 0.000  
-1.000  0.000   0.000   0.000   0.000   0.000    | 0.000   | -0.000 
-1.000  0.000   0.000   0.000   -1000.000 -950.000  | 0.000   | -79.473
0.000   -1.000  1.000   0.000   -950.000 -1000.000  | 0.000   | -74.386
Node 0 : 0
Node 1 : 0
Node 2 : -0.563342
Node 3 : 0
-----------------------------------
Step: 26  Time: 0.0260000
Mtx (6x6) | Vector x | Vector b
------------------------------------------
0.000   0.000   0.000   -1.000  -1.000  0.000    | 0.000   | 0.000  
0.000   0.010   -0.010  0.000   0.000   -1.000   | 0.000   | 0.000  
0.000   -0.010  0.010   0.000   0.000   1.000    | 0.000   | 0.000  
-1.000  0.000   0.000   0.000   0.000   0.000    | 0.000   | -0.627 
-1.000  0.000   0.000   0.000   -1000.000 -950.000  | 0.000   | -79.473
0.000   -1.000  1.000   0.000   -950.000 -1000.000  | 0.000   | -74.950
Node 0 : 0
Node 1 : 0.626666
Node 2 : 0.0233289
Node 3 : 0
-----------------------------------
Step: 27  Time: 0.0270000
Mtx (6x6) | Vector x | Vector b
------------------------------------------
0.000   0.000   0.000   -1.000  -1.000  0.000    | 0.000   | 0.000  
0.000   0.010   -0.010  0.000   0.000   -1.000   | 0.000   | 0.000  
0.000   -0.010  0.010   0.000   0.000   1.000    | 0.000   | 0.000  
-1.000  0.000   0.000   0.000   0.000   0.000    | 0.000   | -1.243 
-1.000  0.000   0.000   0.000   -1000.000 -950.000  | 0.000   | -78.846
0.000   -1.000  1.000   0.000   -950.000 -1000.000  | 0.000   | -74.927
Node 0 : 0
Node 1 : 1.24345
Node 2 : 0.609632
Node 3 : 0
-----------------------------------
Step: 28  Time: 0.0280000
Mtx (6x6) | Vector x | Vector b
------------------------------------------
0.000   0.000   0.000   -1.000  -1.000  0.000    | 0.000   | 0.000  
0.000   0.010   -0.010  0.000   0.000   -1.000   | 0.000   | 0.000  
0.000   -0.010  0.010   0.000   0.000   1.000    | 0.000   | 0.000  
-1.000  0.000   0.000   0.000   0.000   0.000    | 0.000   | -1.841 
-1.000  0.000   0.000   0.000   -1000.000 -950.000  | 0.000   | -77.603
0.000   -1.000  1.000   0.000   -950.000 -1000.000  | 0.000   | -74.317
Node 0 : 0
Node 1 : 1.84062
Node 2 : 1.18632
Node 3 : 0
-----------------------------------
Step: 29  Time: 0.0290000
Mtx (6x6) | Vector x | Vector b
------------------------------------------
0.000   0.000   0.000   -1.000  -1.000  0.000    | 0.000   | 0.000  
0.000   0.010   -0.010  0.000   0.000   -1.000   | 0.000   | 0.000  
0.000   -0.010  0.010   0.000   0.000   1.000    | 0.000   | 0.000  
-1.000  0.000   0.000   0.000   0.000   0.000    | 0.000   | -2.409 
-1.000  0.000   0.000   0.000   -1000.000 -950.000  | 0.000   | -75.762
0.000   -1.000  1.000   0.000   -950.000 -1000.000  | 0.000   | -73.131
Node 0 : 0
Node 1 : 2.40877
Node 2 : 1.7443
Node 3 : 0
-----------------------------------
Step: 30  Time: 0.0300000
Mtx (6x6) | Vector x | Vector b
------------------------------------------
0.000   0.000   0.000   -1.000  -1.000  0.000    | 0.000   | 0.000  
0.000   0.010   -0.010  0.000   0.000   -1.000   | 0.000   | 0.000  
0.000   -0.010  0.010   0.000   0.000   1.000    | 0.000   | 0.000  
-1.000  0.000   0.000   0.000   0.000   0.000    | 0.000   | -2.939 
-1.000  0.000   0.000   0.000   -1000.000 -950.000  | 0.000   | -73.353
0.000   -1.000  1.000   0.000   -950.000 -1000.000  | 0.000   | -71.386
Node 0 : 0
Node 1 : 2.93893
Node 2 : 2.27477
Node 3 : 0
-----------------------------------
Step: 31  Time: 0.0310000
Mtx (6x6) | Vector x | Vector b
------------------------------------------
0.000   0.000   0.000   -1.000  -1.000  0.000    | 0.000   | 0.000  
0.000   0.010   -0.010  0.000   0.000   -1.000   | 0.000   | 0.000  
0.000   -0.010  0.010   0.000   0.000   1.000    | 0.000   | 0.000  
-1.000  0.000   0.000   0.000   0.000   0.000    | 0.000   | -3.423 
-1.000  0.000   0.000   0.000   -1000.000 -950.000  | 0.000   | -70.414
0.000   -1.000  1.000   0.000   -950.000 -1000.000  | 0.000   | -69.111
Node 0 : 0
Node 1 : 3.42274
Node 2 : 2.76937
Node 3 : 0
-----------------------------------
Step: 32  Time: 0.0320000
Mtx (6x6) | Vector x | Vector b
------------------------------------------
0.000   0.000   0.000   -1.000  -1.000  0.000    | 0.000   | 0.000  
0.000   0.010   -0.010  0.000   0.000   -1.000   | 0.000   | 0.000  
0.000   -0.010  0.010   0.000   0.000   1.000    | 0.000   | 0.000  
-1.000  0.000   0.000   0.000   0.000   0.000    | 0.000   | -3.853 
-1.000  0.000   0.000   0.000   -1000.000 -950.000  | 0.000   | -66.992
0.000   -1.000  1.000   0.000   -950.000 -1000.000  | 0.000   | -66.342
Node 0 : 0
Node 1 : 3.85257
Node 2 : 3.22029
Node 3 : 0
-----------------------------------
Step: 33  Time: 0.0330000
Mtx (6x6) | Vector x | Vector b
------------------------------------------
0.000   0.000   0.000   -1.000  -1.000  0.000    | 0.000   | 0.000  
0.000   0.010   -0.010  0.000   0.000   -1.000   | 0.000   | 0.000  
0.000   -0.010  0.010   0.000   0.000   1.000    | 0.000   | 0.000  
-1.000  0.000   0.000   0.000   0.000   0.000    | 0.000   | -4.222 
-1.000  0.000   0.000   0.000   -1000.000 -950.000  | 0.000   | -63.139
0.000   -1.000  1.000   0.000   -950.000 -1000.000  | 0.000   | -63.122
Node 0 : 0
Node 1 : 4.22164
Node 2 : 3.62043
Node 3 : 0
-----------------------------------
Step: 34  Time: 0.0340000
Mtx (6x6) | Vector x | Vector b
------------------------------------------
0.000   0.000   0.000   -1.000  -1.000  0.000    | 0.000   | 0.000  
0.000   0.010   -0.010  0.000   0.000   -1.000   | 0.000   | 0.000  
0.000   -0.010  0.010   0.000   0.000   1.000    | 0.000   | 0.000  
-1.000  0.000   0.000   0.000   0.000   0.000    | 0.000   | -4.524 
-1.000  0.000   0.000   0.000   -1000.000 -950.000  | 0.000   | -58.917
0.000   -1.000  1.000   0.000   -950.000 -1000.000  | 0.000   | -59.501
Node 0 : 0
Node 1 : 4.52414
Node 2 : 3.96346
Node 3 : 0
-----------------------------------
Step: 35  Time: 0.0350000
Mtx (6x6) | Vector x | Vector b
------------------------------------------
0.000   0.000   0.000   -1.000  -1.000  0.000    | 0.000   | 0.000  
0.000   0.010   -0.010  0.000   0.000   -1.000   | 0.000   | 0.000  
0.000   -0.010  0.010   0.000   0.000   1.000    | 0.000   | 0.000  
-1.000  0.000   0.000   0.000   0.000   0.000    | 0.000   | -4.755 
-1.000  0.000   0.000   0.000   -1000.000 -950.000  | 0.000   | -54.393
0.000   -1.000  1.000   0.000   -950.000 -1000.000  | 0.000   | -55.538
Node 0 : 0
Node 1 : 4.75528
Node 2 : 4.244
Node 3 : 0
-----------------------------------
Step: 36  Time: 0.0360000
Mtx (6x6) | Vector x | Vector b
------------------------------------------
0.000   0.000   0.000   -1.000  -1.000  0.000    | 0.000   | 0.000  
0.000   0.010   -0.010  0.000   0.000   -1.000   | 0.000   | 0.000  
0.000   -0.010  0.010   0.000   0.000   1.000    | 0.000   | 0.000  
-1.000  0.000   0.000   0.000   0.000   0.000    | 0.000   | -4.911 
-1.000  0.000   0.000   0.000   -1000.000 -950.000  | 0.000   | -49.638
0.000   -1.000  1.000   0.000   -950.000 -1000.000  | 0.000   | -51.294
Node 0 : 0
Node 1 : 4.91144
Node 2 : 4.4576
Node 3 : 0
-----------------------------------
Step: 37  Time: 0.0370000
Mtx (6x6) | Vector x | Vector b
------------------------------------------
0.000   0.000   0.000   -1.000  -1.000  0.000    | 0.000   | 0.000  
0.000   0.010   -0.010  0.000   0.000   -1.000   | 0.000   | 0.000  
0.000   -0.010  0.010   0.000   0.000   1.000    | 0.000   | 0.000  
-1.000  0.000   0.000   0.000   0.000   0.000    | 0.000   | -4.990 
-1.000  0.000   0.000   0.000   -1000.000 -950.000  | 0.000   | -44.726
0.000   -1.000  1.000   0.000   -950.000 -1000.000  | 0.000   | -46.836
Node 0 : 0
Node 1 : 4.99013
Node 2 : 4.60091
Node 3 : 0
-----------------------------------
Step: 38  Time: 0.0380000
Mtx (6x6) | Vector x | Vector b
------------------------------------------
0.000   0.000   0.000   -1.000  -1.000  0.000    | 0.000   | 0.000  
0.000   0.010   -0.010  0.000   0.000   -1.000   | 0.000   | 0.000  
0.000   -0.010  0.010   0.000   0.000   1.000    | 0.000   | 0.000  
-1.000  0.000   0.000   0.000   0.000   0.000    | 0.000   | -4.990 
-1.000  0.000   0.000   0.000   -1000.000 -950.000  | 0.000   | -39.736
0.000   -1.000  1.000   0.000   -950.000 -1000.000  | 0.000   | -42.235
Node 0 : 0
Node 1 : 4.99013
Node 2 : 4.67165
Node 3 : 0
-----------------------------------
Step: 39  Time: 0.0390000
Mtx (6x6) | Vector x | Vector b
------------------------------------------
0.000   0.000   0.000   -1.000  -1.000  0.000    | 0.000   | 0.000  
0.000   0.010   -0.010  0.000   0.000   -1.000   | 0.000   | 0.000  
0.000   -0.010  0.010   0.000   0.000   1.000    | 0.000   | 0.000  
-1.000  0.000   0.000   0.000   0.000   0.000    | 0.000   | -4.911 
-1.000  0.000   0.000   0.000   -1000.000 -950.000  | 0.000   | -34.746
0.000   -1.000  1.000   0.000   -950.000 -1000.000  | 0.000   | -37.564
Node 0 : 0
Node 1 : 4.91144
Node 2 : 4.66872
Node 3 : 0
-----------------------------------
Step: 40  Time: 0.0400000
Mtx (6x6) | Vector x | Vector b
------------------------------------------
0.000   0.000   0.000   -1.000  -1.000  0.000    | 0.000   | 0.000  
0.000   0.010   -0.010  0.000   0.000   -1.000   | 0.000   | 0.000  
0.000   -0.010  0.010   0.000   0.000   1.000    | 0.000   | 0.000  
-1.000  0.000   0.000   0.000   0.000   0.000    | 0.000   | -4.755 
-1.000  0.000   0.000   0.000   -1000.000 -950.000  | 0.000   | -29.835
0.000   -1.000  1.000   0.000   -950.000 -1000.000  | 0.000   | -32.895
Node 0 : 0
Node 1 : 4.75528
Node 2 : 4.59216
Node 3 : 0
-----------------------------------
Step: 41  Time: 0.0410000
Mtx (6x6) | Vector x | Vector b
------------------------------------------
0.000   0.000   0.000   -1.000  -1.000  0.000    | 0.000   | 0.000  
0.000   0.010   -0.010  0.000   0.000   -1.000   | 0.000   | 0.000  
0.000   -0.010  0.010   0.000   0.000   1.000    | 0.000   | 0.000  
-1.000  0.000   0.000   0.000   0.000   0.000    | 0.000   | -4.524 
-1.000  0.000   0.000   0.000   -1000.000 -950.000  | 0.000   | -25.080
0.000   -1.000  1.000   0.000   -950.000 -1000.000  | 0.000   | -28.303
Node 0 : 0
Node 1 : 4.52414
Node 2 : 4.44318
Node 3 : 0
-----------------------------------
Step: 42  Time: 0.0420000
Mtx (6x6) | Vector x | Vector b
------------------------------------------
0.000   0.000   0.000   -1.000  -1.000  0.000    | 0.000   | 0.000  
0.000   0.010   -0.010  0.000   0.000   -1.000   | 0.000   | 0.000  
0.000   -0.010  0.010   0.000   0.000   1.000    | 0.000   | 0.000  
-1.000  0.000   0.000   0.000   0.000   0.000    | 0.000   | -4.222 
-1.000  0.000   0.000   0.000   -1000.000 -950.000  | 0.000   | -20.555
0.000   -1.000  1.000   0.000   -950.000 -1000.000  | 0.000   | -23.860
Node 0 : 0
Node 1 : 4.22164
Node 2 : 4.22413
Node 3 : 0
-----------------------------------
Step: 43  Time: 0.0430000
Mtx (6x6) | Vector x | Vector b
------------------------------------------
0.000   0.000   0.000   -1.000  -1.000  0.000    | 0.000   | 0.000  
0.000   0.010   -0.010  0.000   0.000   -1.000   | 0.000   | 0.000  
0.000   -0.010  0.010   0.000   0.000   1.000    | 0.000   | 0.000  
-1.000  0.000   0.000   0.000   0.000   0.000    | 0.000   | -3.853 
-1.000  0.000   0.000   0.000   -1000.000 -950.000  | 0.000   | -16.334
0.000   -1.000  1.000   0.000   -950.000 -1000.000  | 0.000   | -19.636
Node 0 : 0
Node 1 : 3.85257
Node 2 : 3.93846
Node 3 : 0
-----------------------------------
Step: 44  Time: 0.0440000
Mtx (6x6) | Vector x | Vector b
------------------------------------------
0.000   0.000   0.000   -1.000  -1.000  0.000    | 0.000   | 0.000  
0.000   0.010   -0.010  0.000   0.000   -1.000   | 0.000   | 0.000  
0.000   -0.010  0.010   0.000   0.000   1.000    | 0.000   | 0.000  
-1.000  0.000   0.000   0.000   0.000   0.000    | 0.000   | -3.423 
-1.000  0.000   0.000   0.000   -1000.000 -950.000  | 0.000   | -12.481
0.000   -1.000  1.000   0.000   -950.000 -1000.000  | 0.000   | -15.697
Node 0 : 0
Node 1 : 3.42274
Node 2 : 3.59068
Node 3 : 0
-----------------------------------
Step: 45  Time: 0.0450000
Mtx (6x6) | Vector x | Vector b
------------------------------------------
0.000   0.000   0.000   -1.000  -1.000  0.000    | 0.000   | 0.000  
0.000   0.010   -0.010  0.000   0.000   -1.000   | 0.000   | 0.000  
0.000   -0.010  0.010   0.000   0.000   1.000    | 0.000   | 0.000  
-1.000  0.000   0.000   0.000   0.000   0.000    | 0.000   | -2.939 
-1.000  0.000   0.000   0.000   -1000.000 -950.000  | 0.000   | -9.058 
0.000   -1.000  1.000   0.000   -950.000 -1000.000  | 0.000   | -12.106
Node 0 : 0
Node 1 : 2.93893
Node 2 : 3.18628
Node 3 : 0
-----------------------------------
Step: 46  Time: 0.0460000
Mtx (6x6) | Vector x | Vector b
------------------------------------------
0.000   0.000   0.000   -1.000  -1.000  0.000    | 0.000   | 0.000  
0.000   0.010   -0.010  0.000   0.000   -1.000   | 0.000   | 0.000  
0.000   -0.010  0.010   0.000   0.000   1.000    | 0.000   | 0.000  
-1.000  0.000   0.000   0.000   0.000   0.000    | 0.000   | -2.409 
-1.000  0.000   0.000   0.000   -1000.000 -950.000  | 0.000   | -6.120 
0.000   -1.000  1.000   0.000   -950.000 -1000.000  | 0.000   | -8.920 
Node 0 : 0
Node 1 : 2.40877
Node 2 : 2.73162
Node 3 : 0
-----------------------------------
Step: 47  Time: 0.0470000
Mtx (6x6) | Vector x | Vector b
------------------------------------------
0.000   0.000   0.000   -1.000  -1.000  0.000    | 0.000   | 0.000  
0.000   0.010   -0.010  0.000   0.000   -1.000   | 0.000   | 0.000  
0.000   -0.010  0.010   0.000   0.000   1.000    | 0.000   | 0.000  
-1.000  0.000   0.000   0.000   0.000   0.000    | 0.000   | -1.841 
-1.000  0.000   0.000   0.000   -1000.000 -950.000  | 0.000   | -3.711 
0.000   -1.000  1.000   0.000   -950.000 -1000.000  | 0.000   | -6.189 
Node 0 : 0
Node 1 : 1.84062
Node 2 : 2.23388
Node 3 : 0
-----------------------------------
Step: 48  Time: 0.0480000
Mtx (6x6) | Vector x | Vector b
------------------------------------------
0.000   0.000   0.000   -1.000  -1.000  0.000    | 0.000   | 0.000  
0.000   0.010   -0.010  0.000   0.000   -1.000   | 0.000   | 0.000  
0.000   -0.010  0.010   0.000   0.000   1.000    | 0.000   | 0.000  
-1.000  0.000   0.000   0.000   0.000   0.000    | 0.000   | -1.243 
-1.000  0.000   0.000   0.000   -1000.000 -950.000  | 0.000   | -1.870 
0.000   -1.000  1.000   0.000   -950.000 -1000.000  | 0.000   | -3.955 
Node 0 : 0
Node 1 : 1.24345
Node 2 : 1.70092
Node 3 : 0
-----------------------------------
Step: 49  Time: 0.0490000
Mtx (6x6) | Vector x | Vector b
------------------------------------------
0.000   0.000   0.000   -1.000  -1.000  0.000    | 0.000   | 0.000  
0.000   0.010   -0.010  0.000   0.000   -1.000   | 0.000   | 0.000  
0.000   -0.010  0.010   0.000   0.000   1.000    | 0.000   | 0.000  
-1.000  0.000   0.000   0.000   0.000   0.000    | 0.000   | -0.627 
-1.000  0.000   0.000   0.000   -1000.000 -950.000  | 0.000   | -0.627 
0.000   -1.000  1.000   0.000   -950.000 -1000.000  | 0.000   | -2.254 
Node 0 : 0
Node 1 : 0.626666
Node 2 : 1.14113
Node 3 : 0
-----------------------------------
Step: 50  Time: 0.0500000
Mtx (6x6) | Vector x | Vector b
------------------------------------------
0.000   0.000   0.000   -1.000  -1.000  0.000    | 0.000   | 0.000  
0.000   0.010   -0.010  0.000   0.000   -1.000   | 0.000   | 0.000  
0.000   -0.010  0.010   0.000   0.000   1.000    | 0.000   | 0.000  
-1.000  0.000   0.000   0.000   0.000   0.000    | 0.000   | 0.000  
-1.000  0.000   0.000   0.000   -1000.000 -950.000  | 0.000   | 0.000  
0.000   -1.000  1.000   0.000   -950.000 -1000.000  | 0.000   | -1.113 
Node 0 : 0
Node 1 : 0
Node 2 : 0.563342
Node 3 : 0
-----------------------------------
Step: 51  Time: 0.0510000
Mtx (6x6) | Vector x | Vector b
------------------------------------------
0.000   0.000   0.000   -1.000  -1.000  0.000    | 0.000   | 0.000  
0.000   0.010   -0.010  0.000   0.000   -1.000   | 0.000   | 0.000  
0.000   -0.010  0.010   0.000   0.000   1.000    | 0.000   | 0.000  
-1.000  0.000   0.000   0.000   0.000   0.000    | 0.000   | 0.627  
-1.000  0.000   0.000   0.000   -1000.000 -950.000  | 0.000   | 0.000  
0.000   -1.000  1.000   0.000   -950.000 -1000.000  | 0.000   | -0.549 
Node 0 : 0
Node 1 : -0.626666
Node 2 : -0.0233289
Node 3 : 0
-----------------------------------
Step: 52  Time: 0.0520000
Mtx (6x6) | Vector x | Vector b
------------------------------------------
0.000   0.000   0.000   -1.000  -1.000  0.000    | 0.000   | 0.000  
0.000   0.010   -0.010  0.000   0.000   -1.000   | 0.000   | 0.000  
0.000   -0.010  0.010   0.000   0.000   1.000    | 0.000   | 0.000  
-1.000  0.000   0.000   0.000   0.000   0.000    | 0.000   | 1.243  
-1.000  0.000   0.000   0.000   -1000.000 -950.000  | 0.000   | -0.627 
0.000   -1.000  1.000   0.000   -950.000 -1000.000  | 0.000   | -0.573 
Node 0 : 0
Node 1 : -1.24345
Node 2 : -0.609632
Node 3 : 0
-----------------------------------
Step: 53  Time: 0.0530000
Mtx (6x6) | Vector x | Vector b
------------------------------------------
0.000   0.000   0.000   -1.000  -1.000  0.000    | 0.000   | 0.000  
0.000   0.010   -0.010  0.000   0.000   -1.000   | 0.000   | 0.000  
0.000   -0.010  0.010   0.000   0.000   1.000    | 0.000   | 0.000  
-1.000  0.000   0.000   0.000   0.000   0.000    | 0.000   | 1.841  
-1.000  0.000   0.000   0.000   -1000.000 -950.000  | 0.000   | -1.870 
0.000   -1.000  1.000   0.000   -950.000 -1000.000  | 0.000   | -1.182 
Node 0 : 0
Node 1 : -1.84062
Node 2 : -1.18632
Node 3 : 0
-----------------------------------
Step: 54  Time: 0.0540000
Mtx (6x6) | Vector x | Vector b
------------------------------------------
0.000   0.000   0.000   -1.000  -1.000  0.000    | 0.000   | 0.000  
0.000   0.010   -0.010  0.000   0.000   -1.000   | 0.000   | 0.000  
0.000   -0.010  0.010   0.000   0.000   1.000    | 0.000   | 0.000  
-1.000  0.000   0.000   0.000   0.000   0.000    | 0.000   | 2.409  
-1.000  0.000   0.000   0.000   -1000.000 -950.000  | 0.000   | -3.711 
0.000   -1.000  1.000   0.000   -950.000 -1000.000  | 0.000   | -2.369 
Node 0 : 0
Node 1 : -2.40877
Node 2 : -1.7443
Node 3 : 0
-----------------------------------
Step: 55  Time: 0.0550000
Mtx (6x6) | Vector x | Vector b
------------------------------------------
0.000   0.000   0.000   -1.000  -1.000  0.000    | 0.000   | 0.000  
0.000   0.010   -0.010  0.000   0.000   -1.000   | 0.000   | 0.000  
0.000   -0.010  0.010   0.000   0.000   1.000    | 0.000   | 0.000  
-1.000  0.000   0.000   0.000   0.000   0.000    | 0.000   | 2.939  
-1.000  0.000   0.000   0.000   -1000.000 -950.000  | 0.000   | -6.120 
0.000   -1.000  1.000   0.000   -950.000 -1000.000  | 0.000   | -4.113 
Node 0 : 0
Node 1 : -2.93893
Node 2 : -2.27477
Node 3 : 0
-----------------------------------
Step: 56  Time: 0.0560000
Mtx (6x6) | Vector x | Vector b
------------------------------------------
0.000   0.000   0.000   -1.000  -1.000  0.000    | 0.000   | 0.000  
0.000   0.010   -0.010  0.000   0.000   -1.000   | 0.000   | 0.000  
0.000   -0.010  0.010   0.000   0.000   1.000    | 0.000   | 0.000  
-1.000  0.000   0.000   0.000   0.000   0.000    | 0.000   | 3.423  
-1.000  0.000   0.000   0.000   -1000.000 -950.000  | 0.000   | -9.058 
0.000   -1.000  1.000   0.000   -950.000 -1000.000  | 0.000   | -6.388 
Node 0 : 0
Node 1 : -3.42274
Node 2 : -2.76937
Node 3 : 0
-----------------------------------
Step: 57  Time: 0.0570000
Mtx (6x6) | Vector x | Vector b
------------------------------------------
0.000   0.000   0.000   -1.000  -1.000  0.000    | 0.000   | 0.000  
0.000   0.010   -0.010  0.000   0.000   -1.000   | 0.000   | 0.000  
0.000   -0.010  0.010   0.000   0.000   1.000    | 0.000   | 0.000  
-1.000  0.000   0.000   0.000   0.000   0.000    | 0.000   | 3.853  
-1.000  0.000   0.000   0.000   -1000.000 -950.000  | 0.000   | -12.481
0.000   -1.000  1.000   0.000   -950.000 -1000.000  | 0.000   | -9.157 
Node 0 : 0
Node 1 : -3.85257
Node 2 : -3.22029
Node 3 : 0
-----------------------------------
Step: 58  Time: 0.0580000
Mtx (6x6) | Vector x | Vector b
------------------------------------------
0.000   0.000   0.000   -1.000  -1.000  0.000    | 0.000   | 0.000  
0.000   0.010   -0.010  0.000   0.000   -1.000   | 0.000   | 0.000  
0.000   -0.010  0.010   0.000   0.000   1.000    | 0.000   | 0.000  
-1.000  0.000   0.000   0.000   0.000   0.000    | 0.000   | 4.222  
-1.000  0.000   0.000   0.000   -1000.000 -950.000  | 0.000   | -16.334
0.000   -1.000  1.000   0.000   -950.000 -1000.000  | 0.000   | -12.377
Node 0 : 0
Node 1 : -4.22164
Node 2 : -3.62043
Node 3 : 0
-----------------------------------
Step: 59  Time: 0.0590000
Mtx (6x6) | Vector x | Vector b
------------------------------------------
0.000   0.000   0.000   -1.000  -1.000  0.000    | 0.000   | 0.000  
0.000   0.010   -0.010  0.000   0.000   -1.000   | 0.000   | 0.000  
0.000   -0.010  0.010   0.000   0.000   1.000    | 0.000   | 0.000  
-1.000  0.000   0.000   0.000   0.000   0.000    | 0.000   | 4.524  
-1.000  0.000   0.000   0.000   -1000.000 -950.000  | 0.000   | -20.555
0.000   -1.000  1.000   0.000   -950.000 -1000.000  | 0.000   | -15.998
Node 0 : 0
Node 1 : -4.52414
Node 2 : -3.96346
Node 3 : 0
-----------------------------------
Step: 60  Time: 0.0600000
Mtx (6x6) | Vector x | Vector b
------------------------------------------
0.000   0.000   0.000   -1.000  -1.000  0.000    | 0.000   | 0.000  
0.000   0.010   -0.010  0.000   0.000   -1.000   | 0.000   | 0.000  
0.000   -0.010  0.010   0.000   0.000   1.000    | 0.000   | 0.000  
-1.000  0.000   0.000   0.000   0.000   0.000    | 0.000   | 4.755  
-1.000  0.000   0.000   0.000   -1000.000 -950.000  | 0.000   | -25.080
0.000   -1.000  1.000   0.000   -950.000 -1000.000  | 0.000   | -19.961
Node 0 : 0
Node 1 : -4.75528
Node 2 : -4.244
Node 3 : 0
-----------------------------------
Step: 61  Time: 0.0610000
Mtx (6x6) | Vector x | Vector b
------------------------------------------
0.000   0.000   0.000   -1.000  -1.000  0.000    | 0.000   | 0.000  
0.000   0.010   -0.010  0.000   0.000   -1.000   | 0.000   | 0.000  
0.000   -0.010  0.010   0.000   0.000   1.000    | 0.000   | 0.000  
-1.000  0.000   0.000   0.000   0.000   0.000    | 0.000   | 4.911  
-1.000  0.000   0.000   0.000   -1000.000 -950.000  | 0.000   | -29.835
0.000   -1.000  1.000   0.000   -950.000 -1000.000  | 0.000   | -24.205
Node 0 : 0
Node 1 : -4.91144
Node 2 : -4.4576
Node 3 : 0
-----------------------------------
Step: 62  Time: 0.0620000
Mtx (6x6) | Vector x | Vector b
------------------------------------------
0.000   0.000   0.000   -1.000  -1.000  0.000    | 0.000   | 0.000  
0.000   0.010   -0.010  0.000   0.000   -1.000   | 0.000   | 0.000  
0.000   -0.010  0.010   0.000   0.000   1.000    | 0.000   | 0.000  
-1.000  0.000   0.000   0.000   0.000   0.000    | 0.000   | 4.990  
-1.000  0.000   0.000   0.000   -1000.000 -950.000  | 0.000   | -34.746
0.000   -1.000  1.000   0.000   -950.000 -1000.000  | 0.000   | -28.663
Node 0 : 0
Node 1 : -4.99013
Node 2 : -4.60091
Node 3 : 0
-----------------------------------
Step: 63  Time: 0.0630000
Mtx (6x6) | Vector x | Vector b
------------------------------------------
0.000   0.000   0.000   -1.000  -1.000  0.000    | 0.000   | 0.000  
0.000   0.010   -0.010  0.000   0.000   -1.000   | 0.000   | 0.000  
0.000   -0.010  0.010   0.000   0.000   1.000    | 0.000   | 0.000  
-1.000  0.000   0.000   0.000   0.000   0.000    | 0.000   | 4.990  
-1.000  0.000   0.000   0.000   -1000.000 -950.000  | 0.000   | -39.736
0.000   -1.000  1.000   0.000   -950.000 -1000.000  | 0.000   | -33.264
Node 0 : 0
Node 1 : -4.99013
Node 2 : -4.67165
Node 3 : 0
-----------------------------------
Step: 64  Time: 0.0640000
Mtx (6x6) | Vector x | Vector b
------------------------------------------
0.000   0.000   0.000   -1.000  -1.000  0.000    | 0.000   | 0.000  
0.000   0.010   -0.010  0.000   0.000   -1.000   | 0.000   | 0.000  
0.000   -0.010  0.010   0.000   0.000   1.000    | 0.000   | 0.000  
-1.000  0.000   0.000   0.000   0.000   0.000    | 0.000   | 4.911  
-1.000  0.000   0.000   0.000   -1000.000 -950.000  | 0.000   | -44.726
0.000   -1.000  1.000   0.000   -950.000 -1000.000  | 0.000   | -37.935
Node 0 : 0
Node 1 : -4.91144
Node 2 : -4.66872
Node 3 : 0
-----------------------------------
Step: 65  Time: 0.0650000
Mtx (6x6) | Vector x | Vector b
------------------------------------------
0.000   0.000   0.000   -1.000  -1.000  0.000    | 0.000   | 0.000  
0.000   0.010   -0.010  0.000   0.000   -1.000   | 0.000   | 0.000  
0.000   -0.010  0.010   0.000   0.000   1.000    | 0.000   | 0.000  
-1.000  0.000   0.000   0.000   0.000   0.000    | 0.000   | 4.755  
-1.000  0.000   0.000   0.000   -1000.000 -950.000  | 0.000   | -49.638
0.000   -1.000  1.000   0.000   -950.000 -1000.000  | 0.000   | -42.604
Node 0 : 0
Node 1 : -4.75528
Node 2 : -4.59216
Node 3 : 0
-----------------------------------
Step: 66  Time: 0.0660000
Mtx (6x6) | Vector x | Vector b
------------------------------------------
0.000   0.000   0.000   -1.000  -1.000  0.000    | 0.000   | 0.000  
0.000   0.010   -0.010  0.000   0.000   -1.000   | 0.000   | 0.000  
0.000   -0.010  0.010   0.000   0.000   1.000    | 0.000   | 0.000  
-1.000  0.000   0.000   0.000   0.000   0.000    | 0.000   | 4.524  
-1.000  0.000   0.000   0.000   -1000.000 -950.000  | 0.000   | -54.393
0.000   -1.000  1.000   0.000   -950.000 -1000.000  | 0.000   | -47.196
Node 0 : 0
Node 1 : -4.52414
Node 2 : -4.44318
Node 3 : 0
-----------------------------------
Step: 67  Time: 0.0670000
Mtx (6x6) | Vector x | Vector b
------------------------------------------
0.000   0.000   0.000   -1.000  -1.000  0.000    | 0.000   | 0.000  
0.000   0.010   -0.010  0.000   0.000   -1.000   | 0.000   | 0.000  
0.000   -0.010  0.010   0.000   0.000   1.000    | 0.000   | 0.000  
-1.000  0.000   0.000   0.000   0.000   0.000    | 0.000   | 4.222  
-1.000  0.000   0.000   0.000   -1000.000 -950.000  | 0.000   | -58.917
0.000   -1.000  1.000   0.000   -950.000 -1000.000  | 0.000   | -51.639
Node 0 : 0
Node 1 : -4.22164
Node 2 : -4.22413
Node 3 : 0
-----------------------------------
Step: 68  Time: 0.0680000
Mtx (6x6) | Vector x | Vector b
------------------------------------------
0.000   0.000   0.000   -1.000  -1.000  0.000    | 0.000   | 0.000  
0.000   0.010   -0.010  0.000   0.000   -1.000   | 0.000   | 0.000  
0.000   -0.010  0.010   0.000   0.000   1.000    | 0.000   | 0.000  
-1.000  0.000   0.000   0.000   0.000   0.000    | 0.000   | 3.853  
-1.000  0.000   0.000   0.000   -1000.000 -950.000  | 0.000   | -63.139
0.000   -1.000  1.000   0.000   -950.000 -1000.000  | 0.000   | -55.864
Node 0 : 0
Node 1 : -3.85257
Node 2 : -3.93846
Node 3 : 0
-----------------------------------
Step: 69  Time: 0.0690000
Mtx (6x6) | Vector x | Vector b
------------------------------------------
0.000   0.000   0.000   -1.000  -1.000  0.000    | 0.000   | 0.000  
0.000   0.010   -0.010  0.000   0.000   -1.000   | 0.000   | 0.000  
0.000   -0.010  0.010   0.000   0.000   1.000    | 0.000   | 0.000  
-1.000  0.000   0.000   0.000   0.000   0.000    | 0.000   | 3.423  
-1.000  0.000   0.000   0.000   -1000.000 -950.000  | 0.000   | -66.992
0.000   -1.000  1.000   0.000   -950.000 -1000.000  | 0.000   | -59.802
Node 0 : 0
Node 1 : -3.42274
Node 2 : -3.59068
Node 3 : 0
-----------------------------------
Step: 70  Time: 0.0700000
Mtx (6x6) | Vector x | Vector b
------------------------------------------
0.000   0.000   0.000   -1.000  -1.000  0.000    | 0.000   | 0.000  
0.000   0.010   -0.010  0.000   0.000   -1.000   | 0.000   | 0.000  
0.000   -0.010  0.010   0.000   0.000   1.000    | 0.000   | 0.000  
-1.000  0.000   0.000   0.000   0.000   0.000    | 0.000   | 2.939  
-1.000  0.000   0.000   0.000   -1000.000 -950.000  | 0.000   | -70.414
0.000   -1.000  1.000   0.000   -950.000 -1000.000  | 0.000   | -63.393
Node 0 : 0
Node 1 : -2.93893
Node 2 : -3.18628
Node 3 : 0
-----------------------------------
Step: 71  Time: 0.0710000
Mtx (6x6) | Vector x | Vector b
------------------------------------------
0.000   0.000   0.000   -1.000  -1.000  0.000    | 0.000   | 0.000  
0.000   0.010   -0.010  0.000   0.000   -1.000   | 0.000   | 0.000  
0.000   -0.010  0.010   0.000   0.000   1.000    | 0.000   | 0.000  
-1.000  0.000   0.000   0.000   0.000   0.000    | 0.000   | 2.409  
-1.000  0.000   0.000   0.000   -1000.000 -950.000  | 0.000   | -73.353
0.000   -1.000  1.000   0.000   -950.000 -1000.000  | 0.000   | -66.579
Node 0 : 0
Node 1 : -2.40877
Node 2 : -2.73162
Node 3 : 0
-----------------------------------
Step: 72  Time: 0.0720000
Mtx (6x6) | Vector x | Vector b
------------------------------------------
0.000   0.000   0.000   -1.000  -1.000  0.000    | 0.000   | 0.000  
0.000   0.010   -0.010  0.000   0.000   -1.000   | 0.000   | 0.000  
0.000   -0.010  0.010   0.000   0.000   1.000    | 0.000   | 0.000  
-1.000  0.000   0.000   0.000   0.000   0.000    | 0.000   | 1.841  
-1.000  0.000   0.000   0.000   -1000.000 -950.000  | 0.000   | -75.762
0.000   -1.000  1.000   0.000   -950.000 -1000.000  | 0.000   | -69.311
Node 0 : 0
Node 1 : -1.84062
Node 2 : -2.23388
Node 3 : 0
-----------------------------------
Step: 73  Time: 0.0730000
Mtx (6x6) | Vector x | Vector b
------------------------------------------
0.000   0.000   0.000   -1.000  -1.000  0.000    | 0.000   | 0.000  
0.000   0.010   -0.010  0.000   0.000   -1.000   | 0.000   | 0.000  
0.000   -0.010  0.010   0.000   0.000   1.000    | 0.000   | 0.000  
-1.000  0.000   0.000   0.000   0.000   0.000    | 0.000   | 1.243  
-1.000  0.000   0.000   0.000   -1000.000 -950.000  | 0.000   | -77.603
0.000   -1.000  1.000   0.000   -950.000 -1000.000  | 0.000   | -71.544
Node 0 : 0
Node 1 : -1.24345
Node 2 : -1.70092
Node 3 : 0
-----------------------------------
Step: 74  Time: 0.0740000
Mtx (6x6) | Vector x | Vector b
------------------------------------------
0.000   0.000   0.000   -1.000  -1.000  0.000    | 0.000   | 0.000  
0.000   0.010   -0.010  0.000   0.000   -1.000   | 0.000   | 0.000  
0.000   -0.010  0.010   0.000   0.000   1.000    | 0.000   | 0.000  
-1.000  0.000   0.000   0.000   0.000   0.000    | 0.000   | 0.627  
-1.000  0.000   0.000   0.000   -1000.000 -950.000  | 0.000   | -78.846
0.000   -1.000  1.000   0.000   -950.000 -1000.000  | 0.000   | -73.245
Node 0 : 0
Node 1 : -0.626666
Node 2 : -1.14113
Node 3 : 0
-----------------------------------
Step: 75  Time: 0.0750000
Mtx (6x6) | Vector x | Vector b
------------------------------------------
0.000   0.000   0.000   -1.000  -1.000  0.000    | 0.000   | 0.000  
0.000   0.010   -0.010  0.000   0.000   -1.000   | 0.000   | 0.000  
0.000   -0.010  0.010   0.000   0.000   1.000    | 0.000   | 0.000  
-1.000  0.000   0.000   0.000   0.000   0.000    | 0.000   | -0.000 
-1.000  0.000   0.000   0.000   -1000.000 -950.000  | 0.000   | -79.473
0.000   -1.000  1.000   0.000   -950.000 -1000.000  | 0.000   | -74.386
Node 0 : 0
Node 1 : 0
Node 2 : -0.563342
Node 3 : 0
-----------------------------------
Step: 76  Time: 0.0760000
Mtx (6x6) | Vector x | Vector b
------------------------------------------
0.000   0.000   0.000   -1.000  -1.000  0.000    | 0.000   | 0.000  
0.000   0.010   -0.010  0.000   0.000   -1.000   | 0.000   | 0.000  
0.000   -0.010  0.010   0.000   0.000   1.000    | 0.000   | 0.000  
-1.000  0.000   0.000   0.000   0.000   0.000    | 0.000   | -0.627 
-1.000  0.000   0.000   0.000   -1000.000 -950.000  | 0.000   | -79.473
0.000   -1.000  1.000   0.000   -950.000 -1000.000  | 0.000   | -74.950
Node 0 : 0
Node 1 : 0.626666
Node 2 : 0.0233289
Node 3 : 0
-----------------------------------
Step: 77  Time: 0.0770000
Mtx (6x6) | Vector x | Vector b
------------------------------------------
0.000   0.000   0.000   -1.000  -1.000  0.000    | 0.000   | 0.000  
0.000   0.010   -0.010  0.000   0.000   -1.000   | 0.000   | 0.000  
0.000   -0.010  0.010   0.000   0.000   1.000    | 0.000   | 0.000  
-1.000  0.000   0.000   0.000   0.000   0.000    | 0.000   | -1.243 
-1.000  0.000   0.000   0.000   -1000.000 -950.000  | 0.000   | -78.846
0.000   -1.000  1.000   0.000   -950.000 -1000.000  | 0.000   | -74.927
Node 0 : 0
Node 1 : 1.24345
Node 2 : 0.609632
Node 3 : 0
-----------------------------------
Step: 78  Time: 0.0780000
Mtx (6x6) | Vector x | Vector b
------------------------------------------
0.000   0.000   0.000   -1.000  -1.000  0.000    | 0.000   | 0.000  
0.000   0.010   -0.010  0.000   0.000   -1.000   | 0.000   | 0.000  
0.000   -0.010  0.010   0.000   0.000   1.000    | 0.000   | 0.000  
-1.000  0.000   0.000   0.000   0.000   0.000    | 0.000   | -1.841 
-1.000  0.000   0.000   0.000   -1000.000 -950.000  | 0.000   | -77.603
0.000   -1.000  1.000   0.000   -950.000 -1000.000  | 0.000   | -74.317
Node 0 : 0
Node 1 : 1.84062
Node 2 : 1.18632
Node 3 : 0
-----------------------------------
Step: 79  Time: 0.0790000
Mtx (6x6) | Vector x | Vector b
------------------------------------------
0.000   0.000   0.000   -1.000  -1.000  0.000    | 0.000   | 0.000  
0.000   0.010   -0.010  0.000   0.000   -1.000   | 0.000   | 0.000  
0.000   -0.010  0.010   0.000   0.000   1.000    | 0.000   | 0.000  
-1.000  0.000   0.000   0.000   0.000   0.000    | 0.000   | -2.409 
-1.000  0.000   0.000   0.000   -1000.000 -950.000  | 0.000   | -75.762
0.000   -1.000  1.000   0.000   -950.000 -1000.000  | 0.000   | -73.131
Node 0 : 0
Node 1 : 2.40877
Node 2 : 1.7443
Node 3 : 0
-----------------------------------
Step: 80  Time: 0.0800000
Mtx (6x6) | Vector x | Vector b
------------------------------------------
0.000   0.000   0.000   -1.000  -1.000  0.000    | 0.000   | 0.000  
0.000   0.010   -0.010  0.000   0.000   -1.000   | 0.000   | 0.000  
0.000   -0.010  0.010   0.000   0.000   1.000    | 0.000   | 0.000  
-1.000  0.000   0.000   0.000   0.000   0.000    | 0.000   | -2.939 
-1.000  0.000   0.000   0.000   -1000.000 -950.000  | 0.000   | -73.353
0.000   -1.000  1.000   0.000   -950.000 -1000.000  | 0.000   | -71.386
Node 0 : 0
Node 1 : 2.93893
Node 2 : 2.27477
Node 3 : 0
-----------------------------------
Step: 81  Time: 0.0810000
Mtx (6x6) | Vector x | Vector b
------------------------------------------
0.000   0.000   0.000   -1.000  -1.000  0.000    | 0.000   | 0.000  
0.000   0.010   -0.010  0.000   0.000   -1.000   | 0.000   | 0.000  
0.000   -0.010  0.010   0.000   0.000   1.000    | 0.000   | 0.000  
-1.000  0.000   0.000   0.000   0.000   0.000    | 0.000   | -3.423 
-1.000  0.000   0.000   0.000   -1000.000 -950.000  | 0.000   | -70.414
0.000   -1.000  1.000   0.000   -950.000 -1000.000  | 0.000   | -69.111
Node 0 : 0
Node 1 : 3.42274
Node 2 : 2.76937
Node 3 : 0
-----------------------------------
Step: 82  Time: 0.0820000
Mtx (6x6) | Vector x | Vector b
------------------------------------------
0.000   0.000   0.000   -1.000  -1.000  0.000    | 0.000   | 0.000  
0.000   0.010   -0.010  0.000   0.000   -1.000   | 0.000   | 0.000  
0.000   -0.010  0.010   0.000   0.000   1.000    | 0.000   | 0.000  
-1.000  0.000   0.000   0.000   0.000   0.000    | 0.000   | -3.853 
-1.000  0.000   0.000   0.000   -1000.000 -950.000  | 0.000   | -66.992
0.000   -1.000  1.000   0.000   -950.000 -1000.000  | 0.000   | -66.342
Node 0 : 0
Node 1 : 3.85257
Node 2 : 3.22029
Node 3 : 0
-----------------------------------
Step: 83  Time: 0.0830000
Mtx (6x6) | Vector x | Vector b
------------------------------------------
0.000   0.000   0.000   -1.000  -1.000  0.000    | 0.000   | 0.000  
0.000   0.010   -0.010  0.000   0.000   -1.000   | 0.000   | 0.000  
0.000   -0.010  0.010   0.000   0.000   1.000    | 0.000   | 0.000  
-1.000  0.000   0.000   0.000   0.000   0.000    | 0.000   | -4.222 
-1.000  0.000   0.000   0.000   -1000.000 -950.000  | 0.000   | -63.139
0.000   -1.000  1.000   0.000   -950.000 -1000.000  | 0.000   | -63.122
Node 0 : 0
Node 1 : 4.22164
Node 2 : 3.62043
Node 3 : 0
-----------------------------------
Step: 84  Time: 0.0840000
Mtx (6x6) | Vector x | Vector b
------------------------------------------
0.000   0.000   0.000   -1.000  -1.000  0.000    | 0.000   | 0.000  
0.000   0.010   -0.010  0.000   0.000   -1.000   | 0.000   | 0.000  
0.000   -0.010  0.010   0.000   0.000   1.000    | 0.000   | 0.000  
-1.000  0.000   0.000   0.000   0.000   0.000    | 0.000   | -4.524 
-1.000  0.000   0.000   0.000   -1000.000 -950.000  | 0.000   | -58.917
0.000   -1.000  1.000   0.000   -950.000 -1000.000  | 0.000   | -59.501
Node 0 : 0
Node 1 : 4.52414
Node 2 : 3.96346
Node 3 : 0
-----------------------------------
Step: 85  Time: 0.0850000
Mtx (6x6) | Vector x | Vector b
------------------------------------------
0.000   0.000   0.000   -1.000  -1.000  0.000    | 0.000   | 0.000  
0.000   0.010   -0.010  0.000   0.000   -1.000   | 0.000   | 0.000  
0.000   -0.010  0.010   0.000   0.000   1.000    | 0.000   | 0.000  
-1.000  0.000   0.000   0.000   0.000   0.000    | 0.000   | -4.755 
-1.000  0.000   0.000   0.000   -1000.000 -950.000  | 0.000   | -54.393
0.000   -1.000  1.000   0.000   -950.000 -1000.000  | 0.000   | -55.538
Node 0 : 0
Node 1 : 4.75528
Node 2 : 4.244
Node 3 : 0
-----------------------------------
Step: 86  Time: 0.0860000
Mtx (6x6) | Vector x | Vector b
------------------------------------------
0.000   0.000   0.000   -1.000  -1.000  0.000    | 0.000   | 0.000  
0.000   0.010   -0.010  0.000   0.000   -1.000   | 0.000   | 0.000  
0.000   -0.010  0.010   0.000   0.000   1.000    | 0.000   | 0.000  
-1.000  0.000   0.000   0.000   0.000   0.000    | 0.000   | -4.911 
-1.000  0.000   0.000   0.000   -1000.000 -950.000  | 0.000   | -49.638
0.000   -1.000  1.000   0.000   -950.000 -1000.000  | 0.000   | -51.294
Node 0 : 0
Node 1 : 4.91144
Node 2 : 4.4576
Node 3 : 0
-----------------------------------
Step: 87  Time: 0.0870000
Mtx (6x6) | Vector x | Vector b
------------------------------------------
0.000   0.000   0.000   -1.000  -1.000  0.000    | 0.000   | 0.000  
0.000   0.010   -0.010  0.000   0.000   -1.000   | 0.000   | 0.000  
0.000   -0.010  0.010   0.000   0.000   1.000    | 0.000   | 0.000  
-1.000  0.000   0.000   0.000   0.000   0.000    | 0.000   | -4.990 
-1.000  0.000   0.000   0.000   -1000.000 -950.000  | 0.000   | -44.726
0.000   -1.000  1.000   0.000   -950.000 -1000.000  | 0.000   | -46.836
Node 0 : 0
Node 1 : 4.99013
Node 2 : 4.60091
Node 3 : 0
-----------------------------------
Step: 88  Time: 0.0880000
Mtx (6x6) | Vector x | Vector b
------------------------------------------
0.000   0.000   0.000   -1.000  -1.000  0.000    | 0.000   | 0.000  
0.000   0.010   -0.010  0.000   0.000   -1.000   | 0.000   | 0.000  
0.000   -0.010  0.010   0.000   0.000   1.000    | 0.000   | 0.000  
-1.000  0.000   0.000   0.000   0.000   0.000    | 0.000   | -4.990 
-1.000  0.000   0.000   0.000   -1000.000 -950.000  | 0.000   | -39.736
0.000   -1.000  1.000   0.000   -950.000 -1000.000  | 0.000   | -42.235
Node 0 : 0
Node 1 : 4.99013
Node 2 : 4.67165
Node 3 : 0
-----------------------------------
Step: 89  Time: 0.0890000
Mtx (6x6) | Vector x | Vector b
------------------------------------------
0.000   0.000   0.000   -1.000  -1.000  0.000    | 0.000   | 0.000  
0.000   0.010   -0.010  0.000   0.000   -1.000   | 0.000   | 0.000  
0.000   -0.010  0.010   0.000   0.000   1.000    | 0.000   | 0.000  
-1.000  0.000   0.000   0.000   0.000   0.000    | 0.000   | -4.911 
-1.000  0.000   0.000   0.000   -1000.000 -950.000  | 0.000   | -34.746
0.000   -1.000  1.000   0.000   -950.000 -1000.000  | 0.000   | -37.564
Node 0 : 0
Node 1 : 4.91144
Node 2 : 4.66872
Node 3 : 0
-----------------------------------
Step: 90  Time: 0.0900000
Mtx (6x6) | Vector x | Vector b
------------------------------------------
0.000   0.000   0.000   -1.000  -1.000  0.000    | 0.000   | 0.000  
0.000   0.010   -0.010  0.000   0.000   -1.000   | 0.000   | 0.000  
0.000   -0.010  0.010   0.000   0.000   1.000    | 0.000   | 0.000  
-1.000  0.000   0.000   0.000   0.000   0.000    | 0.000   | -4.755 
-1.000  0.000   0.000   0.000   -1000.000 -950.000  | 0.000   | -29.835
0.000   -1.000  1.000   0.000   -950.000 -1000.000  | 0.000   | -32.895
Node 0 : 0
Node 1 : 4.75528
Node 2 : 4.59216
Node 3 : 0
-----------------------------------
Step: 91  Time: 0.0910000
Mtx (6x6) | Vector x | Vector b
------------------------------------------
0.000   0.000   0.000   -1.000  -1.000  0.000    | 0.000   | 0.000  
0.000   0.010   -0.010  0.000   0.000   -1.000   | 0.000   | 0.000  
0.000   -0.010  0.010   0.000   0.000   1.000    | 0.000   | 0.000  
-1.000  0.000   0.000   0.000   0.000   0.000    | 0.000   | -4.524 
-1.000  0.000   0.000   0.000   -1000.000 -950.000  | 0.000   | -25.080
0.000   -1.000  1.000   0.000   -950.000 -1000.000  | 0.000   | -28.303
Node 0 : 0
Node 1 : 4.52414
Node 2 : 4.44318
Node 3 : 0
-----------------------------------
Step: 92  Time: 0.0920000
Mtx (6x6) | Vector x | Vector b
------------------------------------------
0.000   0.000   0.000   -1.000  -1.000  0.000    | 0.000   | 0.000  
0.000   0.010   -0.010  0.000   0.000   -1.000   | 0.000   | 0.000  
0.000   -0.010  0.010   0.000   0.000   1.000    | 0.000   | 0.000  
-1.000  0.000   0.000   0.000   0.000   0.000    | 0.000   | -4.222 
-1.000  0.000   0.000   0.000   -1000.000 -950.000  | 0.000   | -20.555
0.000   -1.000  1.000   0.000   -950.000 -1000.000  | 0.000   | -23.860
Node 0 : 0
Node 1 : 4.22164
Node 2 : 4.22413
Node 3 : 0
-----------------------------------
Step: 93  Time: 0.0930000
Mtx (6x6) | Vector x | Vector b
------------------------------------------
0.000   0.000   0.000   -1.000  -1.000  0.000    | 0.000   | 0.000  
0.000   0.010   -0.010  0.000   0.000   -1.000   | 0.000   | 0.000  
0.000   -0.010  0.010   0.000   0.000   1.000    | 0.000   | 0.000  
-1.000  0.000   0.000   0.000   0.000   0.000    | 0.000   | -3.853 
-1.000  0.000   0.000   0.000   -1000.000 -950.000  | 0.000   | -16.334
0.000   -1.000  1.000   0.000   -950.000 -1000.000  | 0.000   | -19.636
Node 0 : 0
Node 1 : 3.85257
Node 2 : 3.93846
Node 3 : 0
-----------------------------------
Step: 94  Time: 0.0940000
Mtx (6x6) | Vector x | Vector b
------------------------------------------
0.000   0.000   0.000   -1.000  -1.000  0.000    | 0.000   | 0.000  
0.000   0.010   -0.010  0.000   0.000   -1.000   | 0.000   | 0.000  
0.000   -0.010  0.010   0.000   0.000   1.000    | 0.000   | 0.000  
-1.000  0.000   0.000   0.000   0.000   0.000    | 0.000   | -3.423 
-1.000  0.000   0.000   0.000   -1000.000 -950.000  | 0.000   | -12.481
0.000   -1.000  1.000   0.000   -950.000 -1000.000  | 0.000   | -15.697
Node 0 : 0
Node 1 : 3.42274
Node 2 : 3.59068
Node 3 : 0
-----------------------------------
Step: 95  Time: 0.0950000
Mtx (6x6) | Vector x | Vector b
------------------------------------------
0.000   0.000   0.000   -1.000  -1.000  0.000    | 0.000   | 0.000  
0.000   0.010   -0.010  0.000   0.000   -1.000   | 0.000   | 0.000  
0.000   -0.010  0.010   0.000   0.000   1.000    | 0.000   | 0.000  
-1.000  0.000   0.000   0.000   0.000   0.000    | 0.000   | -2.939 
-1.000  0.000   0.000   0.000   -1000.000 -950.000  | 0.000   | -9.058 
0.000   -1.000  1.000   0.000   -950.000 -1000.000  | 0.000   | -12.106
Node 0 : 0
Node 1 : 2.93893
Node 2 : 3.18628
Node 3 : 0
-----------------------------------
Step: 96  Time: 0.0960000
Mtx (6x6) | Vector x | Vector b
------------------------------------------
0.000   0.000   0.000   -1.000  -1.000  0.000    | 0.000   | 0.000  
0.000   0.010   -0.010  0.000   0.000   -1.000   | 0.000   | 0.000  
0.000   -0.010  0.010   0.000   0.000   1.000    | 0.000   | 0.000  
-1.000  0.000   0.000   0.000   0.000   0.000    | 0.000   | -2.409 
-1.000  0.000   0.000   0.000   -1000.000 -950.000  | 0.000   | -6.120 
0.000   -1.000  1.000   0.000   -950.000 -1000.000  | 0.000   | -8.920 
Node 0 : 0
Node 1 : 2.40877
Node 2 : 2.73162
Node 3 : 0
-----------------------------------
Step: 97  Time: 0.0970000
Mtx (6x6) | Vector x | Vector b
------------------------------------------
0.000   0.000   0.000   -1.000  -1.000  0.000    | 0.000   | 0.000  
0.000   0.010   -0.010  0.000   0.000   -1.000   | 0.000   | 0.000  
0.000   -0.010  0.010   0.000   0.000   1.000    | 0.000   | 0.000  
-1.000  0.000   0.000   0.000   0.000   0.000    | 0.000   | -1.841 
-1.000  0.000   0.000   0.000   -1000.000 -950.000  | 0.000   | -3.711 
0.000   -1.000  1.000   0.000   -950.000 -1000.000  | 0.000   | -6.189 
Node 0 : 0
Node 1 : 1.84062
Node 2 : 2.23388
Node 3 : 0
-----------------------------------
Step: 98  Time: 0.0980000
Mtx (6x6) | Vector x | Vector b
------------------------------------------
0.000   0.000   0.000   -1.000  -1.000  0.000    | 0.000   | 0.000  
0.000   0.010   -0.010  0.000   0.000   -1.000   | 0.000   | 0.000  
0.000   -0.010  0.010   0.000   0.000   1.000    | 0.000   | 0.000  
-1.000  0.000   0.000   0.000   0.000   0.000    | 0.000   | -1.243 
-1.000  0.000   0.000   0.000   -1000.000 -950.000  | 0.000   | -1.870 
0.000   -1.000  1.000   0.000   -950.000 -1000.000  | 0.000   | -3.955 
Node 0 : 0
Node 1 : 1.24345
Node 2 : 1.70092
Node 3 : 0
-----------------------------------
Step: 99  Time: 0.0990000
Mtx (6x6) | Vector x | Vector b
------------------------------------------
0.000   0.000   0.000   -1.000  -1.000  0.000    | 0.000   | 0.000  
0.000   0.010   -0.010  0.000   0.000   -1.000   | 0.000   | 0.000  
0.000   -0.010  0.010   0.000   0.000   1.000    | 0.000   | 0.000  
-1.000  0.000   0.000   0.000   0.000   0.000    | 0.000   | -0.627 
-1.000  0.000   0.000   0.000   -1000.000 -950.000  | 0.000   | -0.627 
0.000   -1.000  1.000   0.000   -950.000 -1000.000  | 0.000   | -2.254 
Node 0 : 0
Node 1 : 0.626666
Node 2 : 1.14113
Node 3 : 0
-----------------------------------
Step: 100  Time: 0.1000000
Mtx (6x6) | Vector x | Vector b
------------------------------------------
0.000   0.000   0.000   -1.000  -1.000  0.000    | 0.000   | 0.000  
0.000   0.010   -0.010  0.000   0.000   -1.000   | 0.000   | 0.000  
0.000   -0.010  0.010   0.000   0.000   1.000    | 0.000   | 0.000  
-1.000  0.000   0.000   0.000   0.000   0.000    | 0.000   | 0.000  
-1.000  0.000   0.000   0.000   -1000.000 -950.000  | 0.000   | 0.000  
0.000   -1.000  1.000   0.000   -950.000 -1000.000  | 0.000   | -1.113 
Node 0 : 0
Node 1 : 0
Node 2 : 0.563342
Node 3 : 0
-----------------------------------
Step: 101  Time: 0.1010000
Mtx (6x6) | Vector x | Vector b
------------------------------------------
0.000   0.000   0.000   -1.000  -1.000  0.000    | 0.000   | 0.000  
0.000   0.010   -0.010  0.000   0.000   -1.000   | 0.000   | 0.000  
0.000   -0.010  0.010   0.000   0.000   1.000    | 0.000   | 0.000  
-1.000  0.000   0.000   0.000   0.000   0.000    | 0.000   | 0.627  
-1.000  0.000   0.000   0.000   -1000.000 -950.000  | 0.000   | 0.000  
0.000   -1.000  1.000   0.000   -950.000 -1000.000  | 0.000   | -0.549 
Node 0 : 0
Node 1 : -0.626666
Node 2 : -0.0233289
Node 3 : 0
-----------------------------------
Step: 102  Time: 0.1020000
Mtx (6x6) | Vector x | Vector b
------------------------------------------
0.000   0.000   0.000   -1.000  -1.000  0.000    | 0.000   | 0.000  
0.000   0.010   -0.010  0.000   0.000   -1.000   | 0.000   | 0.000  
0.000   -0.010  0.010   0.000   0.000   1.000    | 0.000   | 0.000  
-1.000  0.000   0.000   0.000   0.000   0.000    | 0.000   | 1.243  
-1.000  0.000   0.000   0.000   -1000.000 -950.000  | 0.000   | -0.627 
0.000   -1.000  1.000   0.000   -950.000 -1000.000  | 0.000   | -0.573 
Node 0 : 0
Node 1 : -1.24345
Node 2 : -0.609632
Node 3 : 0
-----------------------------------
Step: 103  Time: 0.1030000
Mtx (6x6) | Vector x | Vector b
------------------------------------------
0.000   0.000   0.000   -1.000  -1.000  0.000    | 0.000   | 0.000  
0.000   0.010   -0.010  0.000   0.000   -1.000   | 0.000   | 0.000  
0.000   -0.010  0.010   0.000   0.000   1.000    | 0.000   | 0.000  
-1.000  0.000   0.000   0.000   0.000   0.000    | 0.000   | 1.841  
-1.000  0.000   0.000   0.000   -1000.000 -950.000  | 0.000   | -1.870 
0.000   -1.000  1.000   0.000   -950.000 -1000.000  | 0.000   | -1.182 
Node 0 : 0
Node 1 : -1.84062
Node 2 : -1.18632
Node 3 : 0
-----------------------------------
Step: 104  Time: 0.1040000
Mtx (6x6) | Vector x | Vector b
------------------------------------------
0.000   0.000   0.000   -1.000  -1.000  0.000    | 0.000   | 0.000  
0.000   0.010   -0.010  0.000   0.000   -1.000   | 0.000   | 0.000  
0.000   -0.010  0.010   0.000   0.000   1.000    | 0.000   | 0.000  
-1.000  0.000   0.000   0.000   0.000   0.000    | 0.000   | 2.409  
-1.000  0.000   0.000   0.000   -1000.000 -950.000  | 0.000   | -3.711 
0.000   -1.000  1.000   0.000   -950.000 -1000.000  | 0.000   | -2.369 
Node 0 : 0
Node 1 : -2.40877
Node 2 : -1.7443
Node 3 : 0
-----------------------------------
Step: 105  Time: 0.1050000
Mtx (6x6) | Vector x | Vector b
------------------------------------------
0.000   0.000   0.000   -1.000  -1.000  0.000    | 0.000   | 0.000  
0.000   0.010   -0.010  0.000   0.000   -1.000   | 0.000   | 0.000  
0.000   -0.010  0.010   0.000   0.000   1.000    | 0.000   | 0.000  
-1.000  0.000   0.000   0.000   0.000   0.000    | 0.000   | 2.939  
-1.000  0.000   0.000   0.000   -1000.000 -950.000  | 0.000   | -6.120 
0.000   -1.000  1.000   0.000   -950.000 -1000.000  | 0.000   | -4.113 
Node 0 : 0
Node 1 : -2.93893
Node 2 : -2.27477
Node 3 : 0
-----------------------------------
Step: 106  Time: 0.1060000
Mtx (6x6) | Vector x | Vector b
------------------------------------------
0.000   0.000   0.000   -1.000  -1.000  0.000    | 0.000   | 0.000  
0.000   0.010   -0.010  0.000   0.000   -1.000   | 0.000   | 0.000  
0.000   -0.010  0.010   0.000   0.000   1.000    | 0.000   | 0.000  
-1.000  0.000   0.000   0.000   0.000   0.000    | 0.000   | 3.423  
-1.000  0.000   0.000   0.000   -1000.000 -950.000  | 0.000   | -9.058 
0.000   -1.000  1.000   0.000   -950.000 -1000.000  | 0.000   | -6.388 
Node 0 : 0
Node 1 : -3.42274
Node 2 : -2.76937
Node 3 : 0
-----------------------------------
Step: 107  Time: 0.1070000
Mtx (6x6) | Vector x | Vector b
------------------------------------------
0.000   0.000   0.000   -1.000  -1.000  0.000    | 0.000   | 0.000  
0.000   0.010   -0.010  0.000   0.000   -1.000   | 0.000   | 0.000  
0.000   -0.010  0.010   0.000   0.000   1.000    | 0.000   | 0.000  
-1.000  0.000   0.000   0.000   0.000   0.000    | 0.000   | 3.853  
-1.000  0.000   0.000   0.000   -1000.000 -950.000  | 0.000   | -12.481
0.000   -1.000  1.000   0.000   -950.000 -1000.000  | 0.000   | -9.157 
Node 0 : 0
Node 1 : -3.85257
Node 2 : -3.22029
Node 3 : 0
-----------------------------------
Step: 108  Time: 0.1080000
Mtx (6x6) | Vector x | Vector b
------------------------------------------
0.000   0.000   0.000   -1.000  -1.000  0.000    | 0.000   | 0.000  
0.000   0.010   -0.010  0.000   0.000   -1.000   | 0.000   | 0.000  
0.000   -0.010  0.010   0.000   0.000   1.000    | 0.000   | 0.000  
-1.000  0.000   0.000   0.000   0.000   0.000    | 0.000   | 4.222  
-1.000  0.000   0.000   0.000   -1000.000 -950.000  | 0.000   | -16.334
0.000   -1.000  1.000   0.000   -950.000 -1000.000  | 0.000   | -12.377
Node 0 : 0
Node 1 : -4.22164
Node 2 : -3.62043
Node 3 : 0
-----------------------------------
Step: 109  Time: 0.1090000
Mtx (6x6) | Vector x | Vector b
------------------------------------------
0.000   0.000   0.000   -1.000  -1.000  0.000    | 0.000   | 0.000  
0.000   0.010   -0.010  0.000   0.000   -1.000   | 0.000   | 0.000  
0.000   -0.010  0.010   0.000   0.000   1.000    | 0.000   | 0.000  
-1.000  0.000   0.000   0.000   0.000   0.000    | 0.000   | 4.524  
-1.000  0.000   0.000   0.000   -1000.000 -950.000  | 0.000   | -20.555
0.000   -1.000  1.000   0.000   -950.000 -1000.000  | 0.000   | -15.998
Node 0 : 0
Node 1 : -4.52414
Node 2 : -3.96346
Node 3 : 0
-----------------------------------
Step: 110  Time: 0.1100000
Mtx (6x6) | Vector x | Vector b
------------------------------------------
0.000   0.000   0.000   -1.000  -1.000  0.000    | 0.000   | 0.000  
0.000   0.010   -0.010  0.000   0.000   -1.000   | 0.000   | 0.000  
0.000   -0.010  0.010   0.000   0.000   1.000    | 0.000   | 0.000  
-1.000  0.000   0.000   0.000   0.000   0.000    | 0.000   | 4.755  
-1.000  0.000   0.000   0.000   -1000.000 -950.000  | 0.000   | -25.080
0.000   -1.000  1.000   0.000   -950.000 -1000.000  | 0.000   | -19.961
Node 0 : 0
Node 1 : -4.75528
Node 2 : -4.244
Node 3 : 0
-----------------------------------
Step: 111  Time: 0.1110000
Mtx (6x6) | Vector x | Vector b
------------------------------------------
0.000   0.000   0.000   -1.000  -1.000  0.000    | 0.000   | 0.000  
0.000   0.010   -0.010  0.000   0.000   -1.000   | 0.000   | 0.000  
0.000   -0.010  0.010   0.000   0.000   1.000    | 0.000   | 0.000  
-1.000  0.000   0.000   0.000   0.000   0.000    | 0.000   | 4.911  
-1.000  0.000   0.000   0.000   -1000.000 -950.000  | 0.000   | -29.835
0.000   -1.000  1.000   0.000   -950.000 -1000.000  | 0.000   | -24.205
Node 0 : 0
Node 1 : -4.91144
Node 2 : -4.4576
Node 3 : 0
-----------------------------------
Step: 112  Time: 0.1120000
Mtx (6x6) | Vector x | Vector b
------------------------------------------
0.000   0.000   0.000   -1.000  -1.000  0.000    | 0.000   | 0.000  
0.000   0.010   -0.010  0.000   0.000   -1.000   | 0.000   | 0.000  
0.000   -0.010  0.010   0.000   0.000   1.000    | 0.000   | 0.000  
-1.000  0.000   0.000   0.000   0.000   0.000    | 0.000   | 4.990  
-1.000  0.000   0.000   0.000   -1000.000 -950.000  | 0.000   | -34.746
0.000   -1.000  1.000   0.000   -950.000 -1000.000  | 0.000   | -28.663
Node 0 : 0
Node 1 : -4.99013
Node 2 : -4.60091
Node 3 : 0
-----------------------------------
Step: 113  Time: 0.1130000
Mtx (6x6) | Vector x | Vector b
------------------------------------------
0.000   0.000   0.000   -1.000  -1.000  0.000    | 0.000   | 0.000  
0.000   0.010   -0.010  0.000   0.000   -1.000   | 0.000   | 0.000  
0.000   -0.010  0.010   0.000   0.000   1.000    | 0.000   | 0.000  
-1.000  0.000   0.000   0.000   0.000   0.000    | 0.000   | 4.990  
-1.000  0.000   0.000   0.000   -1000.000 -950.000  | 0.000   | -39.736
0.000   -1.000  1.000   0.000   -950.000 -1000.000  | 0.000   | -33.264
Node 0 : 0
Node 1 : -4.99013
Node 2 : -4.67165
Node 3 : 0
-----------------------------------
Step: 114  Time: 0.1140000
Mtx (6x6) | Vector x | Vector b
------------------------------------------
0.000   0.000   0.000   -1.000  -1.000  0.000    | 0.000   | 0.000  
0.000   0.010   -0.010  0.000   0.000   -1.000   | 0.000   | 0.000  
0.000   -0.010  0.010   0.000   0.000   1.000    | 0.000   | 0.000  
-1.000  0.000   0.000   0.000   0.000   0.000    | 0.000   | 4.911  
-1.000  0.000   0.000   0.000   -1000.000 -950.000  | 0.000   | -44.726
0.000   -1.000  1.000   0.000   -950.000 -1000.000  | 0.000   | -37.935
Node 0 : 0
Node 1 : -4.91144
Node 2 : -4.66872
Node 3 : 0
-----------------------------------
Step: 115  Time: 0.1150000
Mtx (6x6) | Vector x | Vector b
------------------------------------------
0.000   0.000   0.000   -1.000  -1.000  0.000    | 0.000   | 0.000  
0.000   0.010   -0.010  0.000   0.000   -1.000   | 0.000   | 0.000  
0.000   -0.010  0.010   0.000   0.000   1.000    | 0.000   | 0.000  
-1.000  0.000   0.000   0.000   0.000   0.000    | 0.000   | 4.755  
-1.000  0.000   0.000   0.000   -1000.000 -950.000  | 0.000   | -49.638
0.000   -1.000  1.000   0.000   -950.000 -1000.000  | 0.000   | -42.604
Node 0 : 0
Node 1 : -4.75528
Node 2 : -4.59216
Node 3 : 0
-----------------------------------
Step: 116  Time: 0.1160000
Mtx (6x6) | Vector x | Vector b
------------------------------------------
0.000   0.000   0.000   -1.000  -1.000  0.000    | 0.000   | 0.000  
0.000   0.010   -0.010  0.000   0.000   -1.000   | 0.000   | 0.000  
0.000   -0.010  0.010   0.000   0.000   1.000    | 0.000   | 0.000  
-1.000  0.000   0.000   0.000   0.000   0.000    | 0.000   | 4.524  
-1.000  0.000   0.000   0.000   -1000.000 -950.000  | 0.000   | -54.393
0.000   -1.000  1.000   0.000   -950.000 -1000.000  | 0.000   | -47.196
Node 0 : 0
Node 1 : -4.52414
Node 2 : -4.44318
Node 3 : 0
-----------------------------------
Step: 117  Time: 0.1170000
Mtx (6x6) | Vector x | Vector b
------------------------------------------
0.000   0.000   0.000   -1.000  -1.000  0.000    | 0.000   | 0.000  
0.000   0.010   -0.010  0.000   0.000   -1.000   | 0.000   | 0.000  
0.000   -0.010  0.010   0.000   0.000   1.000    | 0.000   | 0.000  
-1.000  0.000   0.000   0.000   0.000   0.000    | 0.000   | 4.222  
-1.000  0.000   0.000   0.000   -1000.000 -950.000  | 0.000   | -58.917
0.000   -1.000  1.000   0.000   -950.000 -1000.000  | 0.000   | -51.639
Node 0 : 0
Node 1 : -4.22164
Node 2 : -4.22413
Node 3 : 0
-----------------------------------
Step: 118  Time: 0.1180000
Mtx (6x6) | Vector x | Vector b
------------------------------------------
0.000   0.000   0.000   -1.000  -1.000  0.000    | 0.000   | 0.000  
0.000   0.010   -0.010  0.000   0.000   -1.000   | 0.000   | 0.000  
0.000   -0.010  0.010   0.000   0.000   1.000    | 0.000   | 0.000  
-1.000  0.000   0.000   0.000   0.000   0.000    | 0.000   | 3.853  
-1.000  0.000   0.000   0.000   -1000.000 -950.000  | 0.000   | -63.139
0.000   -1.000  1.000   0.000   -950.000 -1000.000  | 0.000   | -55.864
Node 0 : 0
Node 1 : -3.85257
Node 2 : -3.93846
Node 3 : 0
-----------------------------------
Step: 119  Time: 0.1190000
Mtx (6x6) | Vector x | Vector b
------------------------------------------
0.000   0.000   0.000   -1.000  -1.000  0.000    | 0.000   | 0.000  
0.000   0.010   -0.010  0.000   0.000   -1.000   | 0.000   | 0.000  
0.000   -0.010  0.010   0.000   0.000   1.000    | 0.000   | 0.000  
-1.000  0.000   0.000   0.000   0.000   0.000    | 0.000   | 3.423  
-1.000  0.000   0.000   0.000   -1000.000 -950.000  | 0.000   | -66.992
0.000   -1.000  1.000   0.000   -950.000 -1000.000  | 0.000   | -59.802
Node 0 : 0
Node 1 : -3.42274
Node 2 : -3.59068
Node 3 : 0
-----------------------------------
Step: 120  Time: 0.1200000
Mtx (6x6) | Vector x | Vector b
------------------------------------------
0.000   0.000   0.000   -1.000  -1.000  0.000    | 0.000   | 0.000  
0.000   0.010   -0.010  0.000   0.000   -1.000   | 0.000   | 0.000  
0.000   -0.010  0.010   0.000   0.000   1.000    | 0.000   | 0.000  
-1.000  0.000   0.000   0.000   0.000   0.000    | 0.000   | 2.939  
-1.000  0.000   0.000   0.000   -1000.000 -950.000  | 0.000   | -70.414
0.000   -1.000  1.000   0.000   -950.000 -1000.000  | 0.000   | -63.393
Node 0 : 0
Node 1 : -2.93893
Node 2 : -3.18628
Node 3 : 0
-----------------------------------
Step: 121  Time: 0.1210000
Mtx (6x6) | Vector x | Vector b
------------------------------------------
0.000   0.000   0.000   -1.000  -1.000  0.000    | 0.000   | 0.000  
0.000   0.010   -0.010  0.000   0.000   -1.000   | 0.000   | 0.000  
0.000   -0.010  0.010   0.000   0.000   1.000    | 0.000   | 0.000  
-1.000  0.000   0.000   0.000   0.000   0.000    | 0.000   | 2.409  
-1.000  0.000   0.000   0.000   -1000.000 -950.000  | 0.000   | -73.353
0.000   -1.000  1.000   0.000   -950.000 -1000.000  | 0.000   | -66.579
Node 0 : 0
Node 1 : -2.40877
Node 2 : -2.73162
Node 3 : 0
-----------------------------------
Step: 122  Time: 0.1220000
Mtx (6x6) | Vector x | Vector b
------------------------------------------
0.000   0.000   0.000   -1.000  -1.000  0.000    | 0.000   | 0.000  
0.000   0.010   -0.010  0.000   0.000   -1.000   | 0.000   | 0.000  
0.000   -0.010  0.010   0.000   0.000   1.000    | 0.000   | 0.000  
-1.000  0.000   0.000   0.000   0.000   0.000    | 0.000   | 1.841  
-1.000  0.000   0.000   0.000   -1000.000 -950.000  | 0.000   | -75.762
0.000   -1.000  1.000   0.000   -950.000 -1000.000  | 0.000   | -69.311
Node 0 : 0
Node 1 : -1.84062
Node 2 : -2.23388
Node 3 : 0
-----------------------------------
Step: 123  Time: 0.1230000
Mtx (6x6) | Vector x | Vector b
------------------------------------------
0.000   0.000   0.000   -1.000  -1.000  0.000    | 0.000   | 0.000  
0.000   0.010   -0.010  0.000   0.000   -1.000   | 0.000   | 0.000  
0.000   -0.010  0.010   0.000   0.000   1.000    | 0.000   | 0.000  
-1.000  0.000   0.000   0.000   0.000   0.000    | 0.000   | 1.243  
-1.000  0.000   0.000   0.000   -1000.000 -950.000  | 0.000   | -77.603
0.000   -1.000  1.000   0.000   -950.000 -1000.000  | 0.000   | -71.544
Node 0 : 0
Node 1 : -1.24345
Node 2 : -1.70092
Node 3 : 0
-----------------------------------
Step: 124  Time: 0.1240000
Mtx (6x6) | Vector x | Vector b
------------------------------------------
0.000   0.000   0.000   -1.000  -1.000  0.000    | 0.000   | 0.000  
0.000   0.010   -0.010  0.000   0.000   -1.000   | 0.000   | 0.000  
0.000   -0.010  0.010   0.000   0.000   1.000    | 0.000   | 0.000  
-1.000  0.000   0.000   0.000   0.000   0.000    | 0.000   | 0.627  
-1.000  0.000   0.000   0.000   -1000.000 -950.000  | 0.000   | -78.846
0.000   -1.000  1.000   0.000   -950.000 -1000.000  | 0.000   | -73.245
Node 0 : 0
Node 1 : -0.626666
Node 2 : -1.14113
Node 3 : 0
-----------------------------------
Step: 125  Time: 0.1250000
Mtx (6x6) | Vector x | Vector b
------------------------------------------
0.000   0.000   0.000   -1.000  -1.000  0.000    | 0.000   | 0.000  
0.000   0.010   -0.010  0.000   0.000   -1.000   | 0.000   | 0.000  
0.000   -0.010  0.010   0.000   0.000   1.000    | 0.000   | 0.000  
-1.000  0.000   0.000   0.000   0.000   0.000    | 0.000   | -0.000 
-1.000  0.000   0.000   0.000   -1000.000 -950.000  | 0.000   | -79.473
0.000   -1.000  1.000   0.000   -950.000 -1000.000  | 0.000   | -74.386
Node 0 : 0
Node 1 : 0
Node 2 : -0.563342
Node 3 : 0
-----------------------------------
Step: 126  Time: 0.1260000
Mtx (6x6) | Vector x | Vector b
------------------------------------------
0.000   0.000   0.000   -1.000  -1.000  0.000    | 0.000   | 0.000  
0.000   0.010   -0.010  0.000   0.000   -1.000   | 0.000   | 0.000  
0.000   -0.010  0.010   0.000   0.000   1.000    | 0.000   | 0.000  
-1.000  0.000   0.000   0.000   0.000   0.000    | 0.000   | -0.627 
-1.000  0.000   0.000   0.000   -1000.000 -950.000  | 0.000   | -79.473
0.000   -1.000  1.000   0.000   -950.000 -1000.000  | 0.000   | -74.950
Node 0 : 0
Node 1 : 0.626666
Node 2 : 0.0233289
Node 3 : 0
-----------------------------------
Step: 127  Time: 0.1270000
Mtx (6x6) | Vector x | Vector b
------------------------------------------
0.000   0.000   0.000   -1.000  -1.000  0.000    | 0.000   | 0.000  
0.000   0.010   -0.010  0.000   0.000   -1.000   | 0.000   | 0.000  
0.000   -0.010  0.010   0.000   0.000   1.000    | 0.000   | 0.000  
-1.000  0.000   0.000   0.000   0.000   0.000    | 0.000   | -1.243 
-1.000  0.000   0.000   0.000   -1000.000 -950.000  | 0.000   | -78.846
0.000   -1.000  1.000   0.000   -950.000 -1000.000  | 0.000   | -74.927
Node 0 : 0
Node 1 : 1.24345
Node 2 : 0.609632
Node 3 : 0
-----------------------------------
Step: 128  Time: 0.1280000
Mtx (6x6) | Vector x | Vector b
------------------------------------------
0.000   0.000   0.000   -1.000  -1.000  0.000    | 0.000   | 0.000  
0.000   0.010   -0.010  0.000   0.000   -1.000   | 0.000   | 0.000  
0.000   -0.010  0.010   0.000   0.000   1.000    | 0.000   | 0.000  
-1.000  0.000   0.000   0.000   0.000   0.000    | 0.000   | -1.841 
-1.000  0.000   0.000   0.000   -1000.000 -950.000  | 0.000   | -77.603
0.000   -1.000  1.000   0.000   -950.000 -1000.000  | 0.000   | -74.317
Node 0 : 0
Node 1 : 1.84062
Node 2 : 1.18632
Node 3 : 0
-----------------------------------
Step: 129  Time: 0.1290000
Mtx (6x6) | Vector x | Vector b
------------------------------------------
0.000   0.000   0.000   -1.000  -1.000  0.000    | 0.000   | 0.000  
0.000   0.010   -0.010  0.000   0.000   -1.000   | 0.000   | 0.000  
0.000   -0.010  0.010   0.000   0.000   1.000    | 0.000   | 0.000  
-1.000  0.000   0.000   0.000   0.000   0.000    | 0.000   | -2.409 
-1.000  0.000   0.000   0.000   -1000.000 -950.000  | 0.000   | -75.762
0.000   -1.000  1.000   0.000   -950.000 -1000.000  | 0.000   | -73.131
Node 0 : 0
Node 1 : 2.40877
Node 2 : 1.7443
Node 3 : 0
-----------------------------------
Step: 130  Time: 0.1300000
Mtx (6x6) | Vector x | Vector b
------------------------------------------
0.000   0.000   0.000   -1.000  -1.000  0.000    | 0.000   | 0.000  
0.000   0.010   -0.010  0.000   0.000   -1.000   | 0.000   | 0.000  
0.000   -0.010  0.010   0.000   0.000   1.000    | 0.000   | 0.000  
-1.000  0.000   0.000   0.000   0.000   0.000    | 0.000   | -2.939 
-1.000  0.000   0.000   0.000   -1000.000 -950.000  | 0.000   | -73.353
0.000   -1.000  1.000   0.000   -950.000 -1000.000  | 0.000   | -71.386
Node 0 : 0
Node 1 : 2.93893
Node 2 : 2.27477
Node 3 : 0
-----------------------------------
Step: 131  Time: 0.1310000
Mtx (6x6) | Vector x | Vector b
------------------------------------------
0.000   0.000   0.000   -1.000  -1.000  0.000    | 0.000   | 0.000  
0.000   0.010   -0.010  0.000   0.000   -1.000   | 0.000   | 0.000  
0.000   -0.010  0.010   0.000   0.000   1.000    | 0.000   | 0.000  
-1.000  0.000   0.000   0.000   0.000   0.000    | 0.000   | -3.423 
-1.000  0.000   0.000   0.000   -1000.000 -950.000  | 0.000   | -70.414
0.000   -1.000  1.000   0.000   -950.000 -1000.000  | 0.000   | -69.111
Node 0 : 0
Node 1 : 3.42274
Node 2 : 2.76937
Node 3 : 0
-----------------------------------
Step: 132  Time: 0.1320000
Mtx (6x6) | Vector x | Vector b
------------------------------------------
0.000   0.000   0.000   -1.000  -1.000  0.000    | 0.000   | 0.000  
0.000   0.010   -0.010  0.000   0.000   -1.000   | 0.000   | 0.000  
0.000   -0.010  0.010   0.000   0.000   1.000    | 0.000   | 0.000  
-1.000  0.000   0.000   0.000   0.000   0.000    | 0.000   | -3.853 
-1.000  0.000   0.000   0.000   -1000.000 -950.000  | 0.000   | -66.992
0.000   -1.000  1.000   0.000   -950.000 -1000.000  | 0.000   | -66.342
Node 0 : 0
Node 1 : 3.85257
Node 2 : 3.22029
Node 3 : 0
-----------------------------------
Step: 133  Time: 0.1330000
Mtx (6x6) | Vector x | Vector b
------------------------------------------
0.000   0.000   0.000   -1.000  -1.000  0.000    | 0.000   | 0.000  
0.000   0.010   -0.010  0.000   0.000   -1.000   | 0.000   | 0.000  
0.000   -0.010  0.010   0.000   0.000   1.000    | 0.000   | 0.000  
-1.000  0.000   0.000   0.000   0.000   0.000    | 0.000   | -4.222 
-1.000  0.000   0.000   0.000   -1000.000 -950.000  | 0.000   | -63.139
0.000   -1.000  1.000   0.000   -950.000 -1000.000  | 0.000   | -63.122
Node 0 : 0
Node 1 : 4.22164
Node 2 : 3.62043
Node 3 : 0
-----------------------------------
Step: 134  Time: 0.1340000
Mtx (6x6) | Vector x | Vector b
------------------------------------------
0.000   0.000   0.000   -1.000  -1.000  0.000    | 0.000   | 0.000  
0.000   0.010   -0.010  0.000   0.000   -1.000   | 0.000   | 0.000  
0.000   -0.010  0.010   0.000   0.000   1.000    | 0.000   | 0.000  
-1.000  0.000   0.000   0.000   0.000   0.000    | 0.000   | -4.524 
-1.000  0.000   0.000   0.000   -1000.000 -950.000  | 0.000   | -58.917
0.000   -1.000  1.000   0.000   -950.000 -1000.000  | 0.000   | -59.501
Node 0 : 0
Node 1 : 4.52414
Node 2 : 3.96346
Node 3 : 0
-----------------------------------
Step: 135  Time: 0.1350000
Mtx (6x6) | Vector x | Vector b
------------------------------------------
0.000   0.000   0.000   -1.000  -1.000  0.000    | 0.000   | 0.000  
0.000   0.010   -0.010  0.000   0.000   -1.000   | 0.000   | 0.000  
0.000   -0.010  0.010   0.000   0.000   1.000    | 0.000   | 0.000  
-1.000  0.000   0.000   0.000   0.000   0.000    | 0.000   | -4.755 
-1.000  0.000   0.000   0.000   -1000.000 -950.000  | 0.000   | -54.393
0.000   -1.000  1.000   0.000   -950.000 -1000.000  | 0.000   | -55.538
Node 0 : 0
Node 1 : 4.75528
Node 2 : 4.244
Node 3 : 0
-----------------------------------
Step: 136  Time: 0.1360000
Mtx (6x6) | Vector x | Vector b
------------------------------------------
0.000   0.000   0.000   -1.000  -1.000  0.000    | 0.000   | 0.000  
0.000   0.010   -0.010  0.000   0.000   -1.000   | 0.000   | 0.000  
0.000   -0.010  0.010   0.000   0.000   1.000    | 0.000   | 0.000  
-1.000  0.000   0.000   0.000   0.000   0.000    | 0.000   | -4.911 
-1.000  0.000   0.000   0.000   -1000.000 -950.000  | 0.000   | -49.638
0.000   -1.000  1.000   0.000   -950.000 -1000.000  | 0.000   | -51.294
Node 0 : 0
Node 1 : 4.91144
Node 2 : 4.4576
Node 3 : 0
-----------------------------------
Step: 137  Time: 0.1370000
Mtx (6x6) | Vector x | Vector b
------------------------------------------
0.000   0.000   0.000   -1.000  -1.000  0.000    | 0.000   | 0.000  
0.000   0.010   -0.010  0.000   0.000   -1.000   | 0.000   | 0.000  
0.000   -0.010  0.010   0.000   0.000   1.000    | 0.000   | 0.000  
-1.000  0.000   0.000   0.000   0.000   0.000    | 0.000   | -4.990 
-1.000  0.000   0.000   0.000   -1000.000 -950.000  | 0.000   | -44.726
0.000   -1.000  1.000   0.000   -950.000 -1000.000  | 0.000   | -46.836
Node 0 : 0
Node 1 : 4.99013
Node 2 : 4.60091
Node 3 : 0
-----------------------------------
Step: 138  Time: 0.1380000
Mtx (6x6) | Vector x | Vector b
------------------------------------------
0.000   0.000   0.000   -1.000  -1.000  0.000    | 0.000   | 0.000  
0.000   0.010   -0.010  0.000   0.000   -1.000   | 0.000   | 0.000  
0.000   -0.010  0.010   0.000   0.000   1.000    | 0.000   | 0.000  
-1.000  0.000   0.000   0.000   0.000   0.000    | 0.000   | -4.990 
-1.000  0.000   0.000   0.000   -1000.000 -950.000  | 0.000   | -39.736
0.000   -1.000  1.000   0.000   -950.000 -1000.000  | 0.000   | -42.235
Node 0 : 0
Node 1 : 4.99013
Node 2 : 4.67165
Node 3 : 0
-----------------------------------
Step: 139  Time: 0.1390000
Mtx (6x6) | Vector x | Vector b
------------------------------------------
0.000   0.000   0.000   -1.000  -1.000  0.000    | 0.000   | 0.000  
0.000   0.010   -0.010  0.000   0.000   -1.000   | 0.000   | 0.000  
0.000   -0.010  0.010   0.000   0.000   1.000    | 0.000   | 0.000  
-1.000  0.000   0.000   0.000   0.000   0.000    | 0.000   | -4.911 
-1.000  0.000   0.000   0.000   -1000.000 -950.000  | 0.000   | -34.746
0.000   -1.000  1.000   0.000   -950.000 -1000.000  | 0.000   | -37.564
Node 0 : 0
Node 1 : 4.91144
Node 2 : 4.66872
Node 3 : 0
-----------------------------------
Step: 140  Time: 0.1400000
Mtx (6x6) | Vector x | Vector b
------------------------------------------
0.000   0.000   0.000   -1.000  -1.000  0.000    | 0.000   | 0.000  
0.000   0.010   -0.010  0.000   0.000   -1.000   | 0.000   | 0.000  
0.000   -0.010  0.010   0.000   0.000   1.000    | 0.000   | 0.000  
-1.000  0.000   0.000   0.000   0.000   0.000    | 0.000   | -4.755 
-1.000  0.000   0.000   0.000   -1000.000 -950.000  | 0.000   | -29.835
0.000   -1.000  1.000   0.000   -950.000 -1000.000  | 0.000   | -32.895
Node 0 : 0
Node 1 : 4.75528
Node 2 : 4.59216
Node 3 : 0
-----------------------------------
Step: 141  Time: 0.1410000
Mtx (6x6) | Vector x | Vector b
------------------------------------------
0.000   0.000   0.000   -1.000  -1.000  0.000    | 0.000   | 0.000  
0.000   0.010   -0.010  0.000   0.000   -1.000   | 0.000   | 0.000  
0.000   -0.010  0.010   0.000   0.000   1.000    | 0.000   | 0.000  
-1.000  0.000   0.000   0.000   0.000   0.000    | 0.000   | -4.524 
-1.000  0.000   0.000   0.000   -1000.000 -950.000  | 0.000   | -25.080
0.000   -1.000  1.000   0.000   -950.000 -1000.000  | 0.000   | -28.303
Node 0 : 0
Node 1 : 4.52414
Node 2 : 4.44318
Node 3 : 0
-----------------------------------
Step: 142  Time: 0.1420000
Mtx (6x6) | Vector x | Vector b
------------------------------------------
0.000   0.000   0.000   -1.000  -1.000  0.000    | 0.000   | 0.000  
0.000   0.010   -0.010  0.000   0.000   -1.000   | 0.000   | 0.000  
0.000   -0.010  0.010   0.000   0.000   1.000    | 0.000   | 0.000  
-1.000  0.000   0.000   0.000   0.000   0.000    | 0.000   | -4.222 
-1.000  0.000   0.000   0.000   -1000.000 -950.000  | 0.000   | -20.555
0.000   -1.000  1.000   0.000   -950.000 -1000.000  | 0.000   | -23.860
Node 0 : 0
Node 1 : 4.22164
Node 2 : 4.22413
Node 3 : 0
-----------------------------------
Step: 143  Time: 0.1430000
Mtx (6x6) | Vector x | Vector b
------------------------------------------
0.000   0.000   0.000   -1.000  -1.000  0.000    | 0.000   | 0.000  
0.000   0.010   -0.010  0.000   0.000   -1.000   | 0.000   | 0.000  
0.000   -0.010  0.010   0.000   0.000   1.000    | 0.000   | 0.000  
-1.000  0.000   0.000   0.000   0.000   0.000    | 0.000   | -3.853 
-1.000  0.000   0.000   0.000   -1000.000 -950.000  | 0.000   | -16.334
0.000   -1.000  1.000   0.000   -950.000 -1000.000  | 0.000   | -19.636
Node 0 : 0
Node 1 : 3.85257
Node 2 : 3.93846
Node 3 : 0
-----------------------------------
Step: 144  Time: 0.1440000
Mtx (6x6) | Vector x | Vector b
------------------------------------------
0.000   0.000   0.000   -1.000  -1.000  0.000    | 0.000   | 0.000  
0.000   0.010   -0.010  0.000   0.000   -1.000   | 0.000   | 0.000  
0.000   -0.010  0.010   0.000   0.000   1.000    | 0.000   | 0.000  
-1.000  0.000   0.000   0.000   0.000   0.000    | 0.000   | -3.423 
-1.000  0.000   0.000   0.000   -1000.000 -950.000  | 0.000   | -12.481
0.000   -1.000  1.000   0.000   -950.000 -1000.000  | 0.000   | -15.697
Node 0 : 0
Node 1 : 3.42274
Node 2 : 3.59068
Node 3 : 0
-----------------------------------
Step: 145  Time: 0.1450000
Mtx (6x6) | Vector x | Vector b
------------------------------------------
0.000   0.000   0.000   -1.000  -1.000  0.000    | 0.000   | 0.000  
0.000   0.010   -0.010  0.000   0.000   -1.000   | 0.000   | 0.000  
0.000   -0.010  0.010   0.000   0.000   1.000    | 0.000   | 0.000  
-1.000  0.000   0.000   0.000   0.000   0.000    | 0.000   | -2.939 
-1.000  0.000   0.000   0.000   -1000.000 -950.000  | 0.000   | -9.058 
0.000   -1.000  1.000   0.000   -950.000 -1000.000  | 0.000   | -12.106
Node 0 : 0
Node 1 : 2.93893
Node 2 : 3.18628
Node 3 : 0
-----------------------------------
Step: 146  Time: 0.1460000
Mtx (6x6) | Vector x | Vector b
------------------------------------------
0.000   0.000   0.000   -1.000  -1.000  0.000    | 0.000   | 0.000  
0.000   0.010   -0.010  0.000   0.000   -1.000   | 0.000   | 0.000  
0.000   -0.010  0.010   0.000   0.000   1.000    | 0.000   | 0.000  
-1.000  0.000   0.000   0.000   0.000   0.000    | 0.000   | -2.409 
-1.000  0.000   0.000   0.000   -1000.000 -950.000  | 0.000   | -6.120 
0.000   -1.000  1.000   0.000   -950.000 -1000.000  | 0.000   | -8.920 
Node 0 : 0
Node 1 : 2.40877
Node 2 : 2.73162
Node 3 : 0
-----------------------------------
Step: 147  Time: 0.1470000
Mtx (6x6) | Vector x | Vector b
------------------------------------------
0.000   0.000   0.000   -1.000  -1.000  0.000    | 0.000   | 0.000  
0.000   0.010   -0.010  0.000   0.000   -1.000   | 0.000   | 0.000  
0.000   -0.010  0.010   0.000   0.000   1.000    | 0.000   | 0.000  
-1.000  0.000   0.000   0.000   0.000   0.000    | 0.000   | -1.841 
-1.000  0.000   0.000   0.000   -1000.000 -950.000  | 0.000   | -3.711 
0.000   -1.000  1.000   0.000   -950.000 -1000.000  | 0.000   | -6.189 
Node 0 : 0
Node 1 : 1.84062
Node 2 : 2.23388
Node 3 : 0
-----------------------------------
Step: 148  Time: 0.1480000
Mtx (6x6) | Vector x | Vector b
------------------------------------------
0.000   0.000   0.000   -1.000  -1.000  0.000    | 0.000   | 0.000  
0.000   0.010   -0.010  0.000   0.000   -1.000   | 0.000   | 0.000  
0.000   -0.010  0.010   0.000   0.000   1.000    | 0.000   | 0.000  
-1.000  0.000   0.000   0.000   0.000   0.000    | 0.000   | -1.243 
-1.000  0.000   0.000   0.000   -1000.000 -950.000  | 0.000   | -1.870 
0.000   -1.000  1.000   0.000   -950.000 -1000.000  | 0.000   | -3.955 
Node 0 : 0
Node 1 : 1.24345
Node 2 : 1.70092
Node 3 : 0
-----------------------------------
Step: 149  Time: 0.1490000
Mtx (6x6) | Vector x | Vector b
------------------------------------------
0.000   0.000   0.000   -1.000  -1.000  0.000    | 0.000   | 0.000  
0.000   0.010   -0.010  0.000   0.000   -1.000   | 0.000   | 0.000  
0.000   -0.010  0.010   0.000   0.000   1.000    | 0.000   | 0.000  
-1.000  0.000   0.000   0.000   0.000   0.000    | 0.000   | -0.627 
-1.000  0.000   0.000   0.000   -1000.000 -950.000  | 0.000   | -0.627 
0.000   -1.000  1.000   0.000   -950.000 -1000.000  | 0.000   | -2.254 
Node 0 : 0
Node 1 : 0.626666
Node 2 : 1.14113
Node 3 : 0
-----------------------------------
Step: 150  Time: 0.1500000
Mtx (6x6) | Vector x | Vector b
------------------------------------------
0.000   0.000   0.000   -1.000  -1.000  0.000    | 0.000   | 0.000  
0.000   0.010   -0.010  0.000   0.000   -1.000   | 0.000   | 0.000  
0.000   -0.010  0.010   0.000   0.000   1.000    | 0.000   | 0.000  
-1.000  0.000   0.000   0.000   0.000   0.000    | 0.000   | 0.000  
-1.000  0.000   0.000   0.000   -1000.000 -950.000  | 0.000   | 0.000  
0.000   -1.000  1.000   0.000   -950.000 -1000.000  | 0.000   | -1.113 
Node 0 : 0
Node 1 : 0
Node 2 : 0.563342
Node 3 : 0
-----------------------------------
Step: 151  Time: 0.1510000
Mtx (6x6) | Vector x | Vector b
------------------------------------------
0.000   0.000   0.000   -1.000  -1.000  0.000    | 0.000   | 0.000  
0.000   0.010   -0.010  0.000   0.000   -1.000   | 0.000   | 0.000  
0.000   -0.010  0.010   0.000   0.000   1.000    | 0.000   | 0.000  
-1.000  0.000   0.000   0.000   0.000   0.000    | 0.000   | 0.627  
-1.000  0.000   0.000   0.000   -1000.000 -950.000  | 0.000   | 0.000  
0.000   -1.000  1.000   0.000   -950.000 -1000.000  | 0.000   | -0.549 
Node 0 : 0
Node 1 : -0.626666
Node 2 : -0.0233289
Node 3 : 0
-----------------------------------
Step: 152  Time: 0.1520000
Mtx (6x6) | Vector x | Vector b
------------------------------------------
0.000   0.000   0.000   -1.000  -1.000  0.000    | 0.000   | 0.000  
0.000   0.010   -0.010  0.000   0.000   -1.000   | 0.000   | 0.000  
0.000   -0.010  0.010   0.000   0.000   1.000    | 0.000   | 0.000  
-1.000  0.000   0.000   0.000   0.000   0.000    | 0.000   | 1.243  
-1.000  0.000   0.000   0.000   -1000.000 -950.000  | 0.000   | -0.627 
0.000   -1.000  1.000   0.000   -950.000 -1000.000  | 0.000   | -0.573 
Node 0 : 0
Node 1 : -1.24345
Node 2 : -0.609632
Node 3 : 0
-----------------------------------
Step: 153  Time: 0.1530000
Mtx (6x6) | Vector x | Vector b
------------------------------------------
0.000   0.000   0.000   -1.000  -1.000  0.000    | 0.000   | 0.000  
0.000   0.010   -0.010  0.000   0.000   -1.000   | 0.000   | 0.000  
0.000   -0.010  0.010   0.000   0.000   1.000    | 0.000   | 0.000  
-1.000  0.000   0.000   0.000   0.000   0.000    | 0.000   | 1.841  
-1.000  0.000   0.000   0.000   -1000.000 -950.000  | 0.000   | -1.870 
0.000   -1.000  1.000   0.000   -950.000 -1000.000  | 0.000   | -1.182 
Node 0 : 0
Node 1 : -1.84062
Node 2 : -1.18632
Node 3 : 0
-----------------------------------
Step: 154  Time: 0.1540000
Mtx (6x6) | Vector x | Vector b
------------------------------------------
0.000   0.000   0.000   -1.000  -1.000  0.000    | 0.000   | 0.000  
0.000   0.010   -0.010  0.000   0.000   -1.000   | 0.000   | 0.000  
0.000   -0.010  0.010   0.000   0.000   1.000    | 0.000   | 0.000  
-1.000  0.000   0.000   0.000   0.000   0.000    | 0.000   | 2.409  
-1.000  0.000   0.000   0.000   -1000.000 -950.000  | 0.000   | -3.711 
0.000   -1.000  1.000   0.000   -950.000 -1000.000  | 0.000   | -2.369 
Node 0 : 0
Node 1 : -2.40877
Node 2 : -1.7443
Node 3 : 0
-----------------------------------
Step: 155  Time: 0.1550000
Mtx (6x6) | Vector x | Vector b
------------------------------------------
0.000   0.000   0.000   -1.000  -1.000  0.000    | 0.000   | 0.000  
0.000   0.010   -0.010  0.000   0.000   -1.000   | 0.000   | 0.000  
0.000   -0.010  0.010   0.000   0.000   1.000    | 0.000   | 0.000  
-1.000  0.000   0.000   0.000   0.000   0.000    | 0.000   | 2.939  
-1.000  0.000   0.000   0.000   -1000.000 -950.000  | 0.000   | -6.120 
0.000   -1.000  1.000   0.000   -950.000 -1000.000  | 0.000   | -4.113 
Node 0 : 0
Node 1 : -2.93893
Node 2 : -2.27477
Node 3 : 0
-----------------------------------
Step: 156  Time: 0.1560000
Mtx (6x6) | Vector x | Vector b
------------------------------------------
0.000   0.000   0.000   -1.000  -1.000  0.000    | 0.000   | 0.000  
0.000   0.010   -0.010  0.000   0.000   -1.000   | 0.000   | 0.000  
0.000   -0.010  0.010   0.000   0.000   1.000    | 0.000   | 0.000  
-1.000  0.000   0.000   0.000   0.000   0.000    | 0.000   | 3.423  
-1.000  0.000   0.000   0.000   -1000.000 -950.000  | 0.000   | -9.058 
0.000   -1.000  1.000   0.000   -950.000 -1000.000  | 0.000   | -6.388 
Node 0 : 0
Node 1 : -3.42274
Node 2 : -2.76937
Node 3 : 0
-----------------------------------
Step: 157  Time: 0.1570000
Mtx (6x6) | Vector x | Vector b
------------------------------------------
0.000   0.000   0.000   -1.000  -1.000  0.000    | 0.000   | 0.000  
0.000   0.010   -0.010  0.000   0.000   -1.000   | 0.000   | 0.000  
0.000   -0.010  0.010   0.000   0.000   1.000    | 0.000   | 0.000  
-1.000  0.000   0.000   0.000   0.000   0.000    | 0.000   | 3.853  
-1.000  0.000   0.000   0.000   -1000.000 -950.000  | 0.000   | -12.481
0.000   -1.000  1.000   0.000   -950.000 -1000.000  | 0.000   | -9.157 
Node 0 : 0
Node 1 : -3.85257
Node 2 : -3.22029
Node 3 : 0
-----------------------------------
Step: 158  Time: 0.1580000
Mtx (6x6) | Vector x | Vector b
------------------------------------------
0.000   0.000   0.000   -1.000  -1.000  0.000    | 0.000   | 0.000  
0.000   0.010   -0.010  0.000   0.000   -1.000   | 0.000   | 0.000  
0.000   -0.010  0.010   0.000   0.000   1.000    | 0.000   | 0.000  
-1.000  0.000   0.000   0.000   0.000   0.000    | 0.000   | 4.222  
-1.000  0.000   0.000   0.000   -1000.000 -950.000  | 0.000   | -16.334
0.000   -1.000  1.000   0.000   -950.000 -1000.000  | 0.000   | -12.377
Node 0 : 0
Node 1 : -4.22164
Node 2 : -3.62043
Node 3 : 0
-----------------------------------
Step: 159  Time: 0.1590000
Mtx (6x6) | Vector x | Vector b
------------------------------------------
0.000   0.000   0.000   -1.000  -1.000  0.000    | 0.000   | 0.000  
0.000   0.010   -0.010  0.000   0.000   -1.000   | 0.000   | 0.000  
0.000   -0.010  0.010   0.000   0.000   1.000    | 0.000   | 0.000  
-1.000  0.000   0.000   0.000   0.000   0.000    | 0.000   | 4.524  
-1.000  0.000   0.000   0.000   -1000.000 -950.000  | 0.000   | -20.555
0.000   -1.000  1.000   0.000   -950.000 -1000.000  | 0.000   | -15.998
Node 0 : 0
Node 1 : -4.52414
Node 2 : -3.96346
Node 3 : 0
-----------------------------------
Step: 160  Time: 0.1600000
Mtx (6x6) | Vector x | Vector b
------------------------------------------
0.000   0.000   0.000   -1.000  -1.000  0.000    | 0.000   | 0.000  
0.000   0.010   -0.010  0.000   0.000   -1.000   | 0.000   | 0.000  
0.000   -0.010  0.010   0.000   0.000   1.000    | 0.000   | 0.000  
-1.000  0.000   0.000   0.000   0.000   0.000    | 0.000   | 4.755  
-1.000  0.000   0.000   0.000   -1000.000 -950.000  | 0.000   | -25.080
0.000   -1.000  1.000   0.000   -950.000 -1000.000  | 0.000   | -19.961
Node 0 : 0
Node 1 : -4.75528
Node 2 : -4.244
Node 3 : 0
-----------------------------------
Step: 161  Time: 0.1610000
Mtx (6x6) | Vector x | Vector b
------------------------------------------
0.000   0.000   0.000   -1.000  -1.000  0.000    | 0.000   | 0.000  
0.000   0.010   -0.010  0.000   0.000   -1.000   | 0.000   | 0.000  
0.000   -0.010  0.010   0.000   0.000   1.000    | 0.000   | 0.000  
-1.000  0.000   0.000   0.000   0.000   0.000    | 0.000   | 4.911  
-1.000  0.000   0.000   0.000   -1000.000 -950.000  | 0.000   | -29.835
0.000   -1.000  1.000   0.000   -950.000 -1000.000  | 0.000   | -24.205
Node 0 : 0
Node 1 : -4.91144
Node 2 : -4.4576
Node 3 : 0
-----------------------------------
Step: 162  Time: 0.1620000
Mtx (6x6) | Vector x | Vector b
------------------------------------------
0.000   0.000   0.000   -1.000  -1.000  0.000    | 0.000   | 0.000  
0.000   0.010   -0.010  0.000   0.000   -1.000   | 0.000   | 0.000  
0.000   -0.010  0.010   0.000   0.000   1.000    | 0.000   | 0.000  
-1.000  0.000   0.000   0.000   0.000   0.000    | 0.000   | 4.990  
-1.000  0.000   0.000   0.000   -1000.000 -950.000  | 0.000   | -34.746
0.000   -1.000  1.000   0.000   -950.000 -1000.000  | 0.000   | -28.663
Node 0 : 0
Node 1 : -4.99013
Node 2 : -4.60091
Node 3 : 0
-----------------------------------
Step: 163  Time: 0.1630000
Mtx (6x6) | Vector x | Vector b
------------------------------------------
0.000   0.000   0.000   -1.000  -1.000  0.000    | 0.000   | 0.000  
0.000   0.010   -0.010  0.000   0.000   -1.000   | 0.000   | 0.000  
0.000   -0.010  0.010   0.000   0.000   1.000    | 0.000   | 0.000  
-1.000  0.000   0.000   0.000   0.000   0.000    | 0.000   | 4.990  
-1.000  0.000   0.000   0.000   -1000.000 -950.000  | 0.000   | -39.736
0.000   -1.000  1.000   0.000   -950.000 -1000.000  | 0.000   | -33.264
Node 0 : 0
Node 1 : -4.99013
Node 2 : -4.67165
Node 3 : 0
-----------------------------------
Step: 164  Time: 0.1640000
Mtx (6x6) | Vector x | Vector b
------------------------------------------
0.000   0.000   0.000   -1.000  -1.000  0.000    | 0.000   | 0.000  
0.000   0.010   -0.010  0.000   0.000   -1.000   | 0.000   | 0.000  
0.000   -0.010  0.010   0.000   0.000   1.000    | 0.000   | 0.000  
-1.000  0.000   0.000   0.000   0.000   0.000    | 0.000   | 4.911  
-1.000  0.000   0.000   0.000   -1000.000 -950.000  | 0.000   | -44.726
0.000   -1.000  1.000   0.000   -950.000 -1000.000  | 0.000   | -37.935
Node 0 : 0
Node 1 : -4.91144
Node 2 : -4.66872
Node 3 : 0
-----------------------------------
Step: 165  Time: 0.1650000
Mtx (6x6) | Vector x | Vector b
------------------------------------------
0.000   0.000   0.000   -1.000  -1.000  0.000    | 0.000   | 0.000  
0.000   0.010   -0.010  0.000   0.000   -1.000   | 0.000   | 0.000  
0.000   -0.010  0.010   0.000   0.000   1.000    | 0.000   | 0.000  
-1.000  0.000   0.000   0.000   0.000   0.000    | 0.000   | 4.755  
-1.000  0.000   0.000   0.000   -1000.000 -950.000  | 0.000   | -49.638
0.000   -1.000  1.000   0.000   -950.000 -1000.000  | 0.000   | -42.604
Node 0 : 0
Node 1 : -4.75528
Node 2 : -4.59216
Node 3 : 0
-----------------------------------
Step: 166  Time: 0.1660000
Mtx (6x6) | Vector x | Vector b
------------------------------------------
0.000   0.000   0.000   -1.000  -1.000  0.000    | 0.000   | 0.000  
0.000   0.010   -0.010  0.000   0.000   -1.000   | 0.000   | 0.000  
0.000   -0.010  0.010   0.000   0.000   1.000    | 0.000   | 0.000  
-1.000  0.000   0.000   0.000   0.000   0.000    | 0.000   | 4.524  
-1.000  0.000   0.000   0.000   -1000.000 -950.000  | 0.000   | -54.393
0.000   -1.000  1.000   0.000   -950.000 -1000.000  | 0.000   | -47.196
Node 0 : 0
Node 1 : -4.52414
Node 2 : -4.44318
Node 3 : 0
-----------------------------------
Step: 167  Time: 0.1670000
Mtx (6x6) | Vector x | Vector b
------------------------------------------
0.000   0.000   0.000   -1.000  -1.000  0.000    | 0.000   | 0.000  
0.000   0.010   -0.010  0.000   0.000   -1.000   | 0.000   | 0.000  
0.000   -0.010  0.010   0.000   0.000   1.000    | 0.000   | 0.000  
-1.000  0.000   0.000   0.000   0.000   0.000    | 0.000   | 4.222  
-1.000  0.000   0.000   0.000   -1000.000 -950.000  | 0.000   | -58.917
0.000   -1.000  1.000   0.000   -950.000 -1000.000  | 0.000   | -51.639
Node 0 : 0
Node 1 : -4.22164
Node 2 : -4.22413
Node 3 : 0
-----------------------------------
Step: 168  Time: 0.1680000
Mtx (6x6) | Vector x | Vector b
------------------------------------------
0.000   0.000   0.000   -1.000  -1.000  0.000    | 0.000   | 0.000  
0.000   0.010   -0.010  0.000   0.000   -1.000   | 0.000   | 0.000  
0.000   -0.010  0.010   0.000   0.000   1.000    | 0.000   | 0.000  
-1.000  0.000   0.000   0.000   0.000   0.000    | 0.000   | 3.853  
-1.000  0.000   0.000   0.000   -1000.000 -950.000  | 0.000   | -63.139
0.000   -1.000  1.000   0.000   -950.000 -1000.000  | 0.000   | -55.864
Node 0 : 0
Node 1 : -3.85257
Node 2 : -3.93846
Node 3 : 0
-----------------------------------
Step: 169  Time: 0.1690000
Mtx (6x6) | Vector x | Vector b
------------------------------------------
0.000   0.000   0.000   -1.000  -1.000  0.000    | 0.000   | 0.000  
0.000   0.010   -0.010  0.000   0.000   -1.000   | 0.000   | 0.000  
0.000   -0.010  0.010   0.000   0.000   1.000    | 0.000   | 0.000  
-1.000  0.000   0.000   0.000   0.000   0.000    | 0.000   | 3.423  
-1.000  0.000   0.000   0.000   -1000.000 -950.000  | 0.000   | -66.992
0.000   -1.000  1.000   0.000   -950.000 -1000.000  | 0.000   | -59.802
Node 0 : 0
Node 1 : -3.42274
Node 2 : -3.59068
Node 3 : 0
-----------------------------------
Step: 170  Time: 0.1700000
Mtx (6x6) | Vector x | Vector b
------------------------------------------
0.000   0.000   0.000   -1.000  -1.000  0.000    | 0.000   | 0.000  
0.000   0.010   -0.010  0.000   0.000   -1.000   | 0.000   | 0.000  
0.000   -0.010  0.010   0.000   0.000   1.000    | 0.000   | 0.000  
-1.000  0.000   0.000   0.000   0.000   0.000    | 0.000   | 2.939  
-1.000  0.000   0.000   0.000   -1000.000 -950.000  | 0.000   | -70.414
0.000   -1.000  1.000   0.000   -950.000 -1000.000  | 0.000   | -63.393
Node 0 : 0
Node 1 : -2.93893
Node 2 : -3.18628
Node 3 : 0
-----------------------------------
Step: 171  Time: 0.1710000
Mtx (6x6) | Vector x | Vector b
------------------------------------------
0.000   0.000   0.000   -1.000  -1.000  0.000    | 0.000   | 0.000  
0.000   0.010   -0.010  0.000   0.000   -1.000   | 0.000   | 0.000  
0.000   -0.010  0.010   0.000   0.000   1.000    | 0.000   | 0.000  
-1.000  0.000   0.000   0.000   0.000   0.000    | 0.000   | 2.409  
-1.000  0.000   0.000   0.000   -1000.000 -950.000  | 0.000   | -73.353
0.000   -1.000  1.000   0.000   -950.000 -1000.000  | 0.000   | -66.579
Node 0 : 0
Node 1 : -2.40877
Node 2 : -2.73162
Node 3 : 0
-----------------------------------
Step: 172  Time: 0.1720000
Mtx (6x6) | Vector x | Vector b
------------------------------------------
0.000   0.000   0.000   -1.000  -1.000  0.000    | 0.000   | 0.000  
0.000   0.010   -0.010  0.000   0.000   -1.000   | 0.000   | 0.000  
0.000   -0.010  0.010   0.000   0.000   1.000    | 0.000   | 0.000  
-1.000  0.000   0.000   0.000   0.000   0.000    | 0.000   | 1.841  
-1.000  0.000   0.000   0.000   -1000.000 -950.000  | 0.000   | -75.762
0.000   -1.000  1.000   0.000   -950.000 -1000.000  | 0.000   | -69.311
Node 0 : 0
Node 1 : -1.84062
Node 2 : -2.23388
Node 3 : 0
-----------------------------------
Step: 173  Time: 0.1730000
Mtx (6x6) | Vector x | Vector b
------------------------------------------
0.000   0.000   0.000   -1.000  -1.000  0.000    | 0.000   | 0.000  
0.000   0.010   -0.010  0.000   0.000   -1.000   | 0.000   | 0.000  
0.000   -0.010  0.010   0.000   0.000   1.000    | 0.000   | 0.000  
-1.000  0.000   0.000   0.000   0.000   0.000    | 0.000   | 1.243  
-1.000  0.000   0.000   0.000   -1000.000 -950.000  | 0.000   | -77.603
0.000   -1.000  1.000   0.000   -950.000 -1000.000  | 0.000   | -71.544
Node 0 : 0
Node 1 : -1.24345
Node 2 : -1.70092
Node 3 : 0
-----------------------------------
Step: 174  Time: 0.1740000
Mtx (6x6) | Vector x | Vector b
------------------------------------------
0.000   0.000   0.000   -1.000  -1.000  0.000    | 0.000   | 0.000  
0.000   0.010   -0.010  0.000   0.000   -1.000   | 0.000   | 0.000  
0.000   -0.010  0.010   0.000   0.000   1.000    | 0.000   | 0.000  
-1.000  0.000   0.000   0.000   0.000   0.000    | 0.000   | 0.627  
-1.000  0.000   0.000   0.000   -1000.000 -950.000  | 0.000   | -78.846
0.000   -1.000  1.000   0.000   -950.000 -1000.000  | 0.000   | -73.245
Node 0 : 0
Node 1 : -0.626666
Node 2 : -1.14113
Node 3 : 0
-----------------------------------
Step: 175  Time: 0.1750000
Mtx (6x6) | Vector x | Vector b
------------------------------------------
0.000   0.000   0.000   -1.000  -1.000  0.000    | 0.000   | 0.000  
0.000   0.010   -0.010  0.000   0.000   -1.000   | 0.000   | 0.000  
0.000   -0.010  0.010   0.000   0.000   1.000    | 0.000   | 0.000  
-1.000  0.000   0.000   0.000   0.000   0.000    | 0.000   | -0.000 
-1.000  0.000   0.000   0.000   -1000.000 -950.000  | 0.000   | -79.473
0.000   -1.000  1.000   0.000   -950.000 -1000.000  | 0.000   | -74.386
Node 0 : 0
Node 1 : 0
Node 2 : -0.563342
Node 3 : 0
-----------------------------------
Step: 176  Time: 0.1760000
Mtx (6x6) | Vector x | Vector b
------------------------------------------
0.000   0.000   0.000   -1.000  -1.000  0.000    | 0.000   | 0.000  
0.000   0.010   -0.010  0.000   0.000   -1.000   | 0.000   | 0.000  
0.000   -0.010  0.010   0.000   0.000   1.000    | 0.000   | 0.000  
-1.000  0.000   0.000   0.000   0.000   0.000    | 0.000   | -0.627 
-1.000  0.000   0.000   0.000   -1000.000 -950.000  | 0.000   | -79.473
0.000   -1.000  1.000   0.000   -950.000 -1000.000  | 0.000   | -74.950
Node 0 : 0
Node 1 : 0.626666
Node 2 : 0.0233289
Node 3 : 0
-----------------------------------
Step: 177  Time: 0.1770000
Mtx (6x6) | Vector x | Vector b
------------------------------------------
0.000   0.000   0.000   -1.000  -1.000  0.000    | 0.000   | 0.000  
0.000   0.010   -0.010  0.000   0.000   -1.000   | 0.000   | 0.000  
0.000   -0.010  0.010   0.000   0.000   1.000    | 0.000   | 0.000  
-1.000  0.000   0.000   0.000   0.000   0.000    | 0.000   | -1.243 
-1.000  0.000   0.000   0.000   -1000.000 -950.000  | 0.000   | -78.846
0.000   -1.000  1.000   0.000   -950.000 -1000.000  | 0.000   | -74.927
Node 0 : 0
Node 1 : 1.24345
Node 2 : 0.609632
Node 3 : 0
-----------------------------------
Step: 178  Time: 0.1780000
Mtx (6x6) | Vector x | Vector b
------------------------------------------
0.000   0.000   0.000   -1.000  -1.000  0.000    | 0.000   | 0.000  
0.000   0.010   -0.010  0.000   0.000   -1.000   | 0.000   | 0.000  
0.000   -0.010  0.010   0.000   0.000   1.000    | 0.000   | 0.000  
-1.000  0.000   0.000   0.000   0.000   0.000    | 0.000   | -1.841 
-1.000  0.000   0.000   0.000   -1000.000 -950.000  | 0.000   | -77.603
0.000   -1.000  1.000   0.000   -950.000 -1000.000  | 0.000   | -74.317
Node 0 : 0
Node 1 : 1.84062
Node 2 : 1.18632
Node 3 : 0
-----------------------------------
Step: 179  Time: 0.1790000
Mtx (6x6) | Vector x | Vector b
------------------------------------------
0.000   0.000   0.000   -1.000  -1.000  0.000    | 0.000   | 0.000  
0.000   0.010   -0.010  0.000   0.000   -1.000   | 0.000   | 0.000  
0.000   -0.010  0.010   0.000   0.000   1.000    | 0.000   | 0.000  
-1.000  0.000   0.000   0.000   0.000   0.000    | 0.000   | -2.409 
-1.000  0.000   0.000   0.000   -1000.000 -950.000  | 0.000   | -75.762
0.000   -1.000  1.000   0.000   -950.000 -1000.000  | 0.000   | -73.131
Node 0 : 0
Node 1 : 2.40877
Node 2 : 1.7443
Node 3 : 0
-----------------------------------
Step: 180  Time: 0.1800000
Mtx (6x6) | Vector x | Vector b
------------------------------------------
0.000   0.000   0.000   -1.000  -1.000  0.000    | 0.000   | 0.000  
0.000   0.010   -0.010  0.000   0.000   -1.000   | 0.000   | 0.000  
0.000   -0.010  0.010   0.000   0.000   1.000    | 0.000   | 0.000  
-1.000  0.000   0.000   0.000   0.000   0.000    | 0.000   | -2.939 
-1.000  0.000   0.000   0.000   -1000.000 -950.000  | 0.000   | -73.353
0.000   -1.000  1.000   0.000   -950.000 -1000.000  | 0.000   | -71.386
Node 0 : 0
Node 1 : 2.93893
Node 2 : 2.27477
Node 3 : 0
-----------------------------------
Step: 181  Time: 0.1810000
Mtx (6x6) | Vector x | Vector b
------------------------------------------
0.000   0.000   0.000   -1.000  -1.000  0.000    | 0.000   | 0.000  
0.000   0.010   -0.010  0.000   0.000   -1.000   | 0.000   | 0.000  
0.000   -0.010  0.010   0.000   0.000   1.000    | 0.000   | 0.000  
-1.000  0.000   0.000   0.000   0.000   0.000    | 0.000   | -3.423 
-1.000  0.000   0.000   0.000   -1000.000 -950.000  | 0.000   | -70.414
0.000   -1.000  1.000   0.000   -950.000 -1000.000  | 0.000   | -69.111
Node 0 : 0
Node 1 : 3.42274
Node 2 : 2.76937
Node 3 : 0
-----------------------------------
Step: 182  Time: 0.1820000
Mtx (6x6) | Vector x | Vector b
------------------------------------------
0.000   0.000   0.000   -1.000  -1.000  0.000    | 0.000   | 0.000  
0.000   0.010   -0.010  0.000   0.000   -1.000   | 0.000   | 0.000  
0.000   -0.010  0.010   0.000   0.000   1.000    | 0.000   | 0.000  
-1.000  0.000   0.000   0.000   0.000   0.000    | 0.000   | -3.853 
-1.000  0.000   0.000   0.000   -1000.000 -950.000  | 0.000   | -66.992
0.000   -1.000  1.000   0.000   -950.000 -1000.000  | 0.000   | -66.342
Node 0 : 0
Node 1 : 3.85257
Node 2 : 3.22029
Node 3 : 0
-----------------------------------
Step: 183  Time: 0.1830000
Mtx (6x6) | Vector x | Vector b
------------------------------------------
0.000   0.000   0.000   -1.000  -1.000  0.000    | 0.000   | 0.000  
0.000   0.010   -0.010  0.000   0.000   -1.000   | 0.000   | 0.000  
0.000   -0.010  0.010   0.000   0.000   1.000    | 0.000   | 0.000  
-1.000  0.000   0.000   0.000   0.000   0.000    | 0.000   | -4.222 
-1.000  0.000   0.000   0.000   -1000.000 -950.000  | 0.000   | -63.139
0.000   -1.000  1.000   0.000   -950.000 -1000.000  | 0.000   | -63.122
Node 0 : 0
Node 1 : 4.22164
Node 2 : 3.62043
Node 3 : 0
-----------------------------------
Step: 184  Time: 0.1840000
Mtx (6x6) | Vector x | Vector b
------------------------------------------
0.000   0.000   0.000   -1.000  -1.000  0.000    | 0.000   | 0.000  
0.000   0.010   -0.010  0.000   0.000   -1.000   | 0.000   | 0.000  
0.000   -0.010  0.010   0.000   0.000   1.000    | 0.000   | 0.000  
-1.000  0.000   0.000   0.000   0.000   0.000    | 0.000   | -4.524 
-1.000  0.000   0.000   0.000   -1000.000 -950.000  | 0.000   | -58.917
0.000   -1.000  1.000   0.000   -950.000 -1000.000  | 0.000   | -59.501
Node 0 : 0
Node 1 : 4.52414
Node 2 : 3.96346
Node 3 : 0
-----------------------------------
Step: 185  Time: 0.1850000
Mtx (6x6) | Vector x | Vector b
------------------------------------------
0.000   0.000   0.000   -1.000  -1.000  0.000    | 0.000   | 0.000  
0.000   0.010   -0.010  0.000   0.000   -1.000   | 0.000   | 0.000  
0.000   -0.010  0.010   0.000   0.000   1.000    | 0.000   | 0.000  
-1.000  0.000   0.000   0.000   0.000   0.000    | 0.000   | -4.755 
-1.000  0.000   0.000   0.000   -1000.000 -950.000  | 0.000   | -54.393
0.000   -1.000  1.000   0.000   -950.000 -1000.000  | 0.000   | -55.538
Node 0 : 0
Node 1 : 4.75528
Node 2 : 4.244
Node 3 : 0
-----------------------------------
Step: 186  Time: 0.1860000
Mtx (6x6) | Vector x | Vector b
------------------------------------------
0.000   0.000   0.000   -1.000  -1.000  0.000    | 0.000   | 0.000  
0.000   0.010   -0.010  0.000   0.000   -1.000   | 0.000   | 0.000  
0.000   -0.010  0.010   0.000   0.000   1.000    | 0.000   | 0.000  
-1.000  0.000   0.000   0.000   0.000   0.000    | 0.000   | -4.911 
-1.000  0.000   0.000   0.000   -1000.000 -950.000  | 0.000   | -49.638
0.000   -1.000  1.000   0.000   -950.000 -1000.000  | 0.000   | -51.294
Node 0 : 0
Node 1 : 4.91144
Node 2 : 4.4576
Node 3 : 0
-----------------------------------
Step: 187  Time: 0.1870000
Mtx (6x6) | Vector x | Vector b
------------------------------------------
0.000   0.000   0.000   -1.000  -1.000  0.000    | 0.000   | 0.000  
0.000   0.010   -0.010  0.000   0.000   -1.000   | 0.000   | 0.000  
0.000   -0.010  0.010   0.000   0.000   1.000    | 0.000   | 0.000  
-1.000  0.000   0.000   0.000   0.000   0.000    | 0.000   | -4.990 
-1.000  0.000   0.000   0.000   -1000.000 -950.000  | 0.000   | -44.726
0.000   -1.000  1.000   0.000   -950.000 -1000.000  | 0.000   | -46.836
Node 0 : 0
Node 1 : 4.99013
Node 2 : 4.60091
Node 3 : 0
-----------------------------------
Step: 188  Time: 0.1880000
Mtx (6x6) | Vector x | Vector b
------------------------------------------
0.000   0.000   0.000   -1.000  -1.000  0.000    | 0.000   | 0.000  
0.000   0.010   -0.010  0.000   0.000   -1.000   | 0.000   | 0.000  
0.000   -0.010  0.010   0.000   0.000   1.000    | 0.000   | 0.000  
-1.000  0.000   0.000   0.000   0.000   0.000    | 0.000   | -4.990 
-1.000  0.000   0.000   0.000   -1000.000 -950.000  | 0.000   | -39.736
0.000   -1.000  1.000   0.000   -950.000 -1000.000  | 0.000   | -42.235
Node 0 : 0
Node 1 : 4.99013
Node 2 : 4.67165
Node 3 : 0
-----------------------------------
Step: 189  Time: 0.1890000
Mtx (6x6) | Vector x | Vector b
------------------------------------------
0.000   0.000   0.000   -1.000  -1.000  0.000    | 0.000   | 0.000  
0.000   0.010   -0.010  0.000   0.000   -1.000   | 0.000   | 0.000  
0.000   -0.010  0.010   0.000   0.000   1.000    | 0.000   | 0.000  
-1.000  0.000   0.000   0.000   0.000   0.000    | 0.000   | -4.911 
-1.000  0.000   0.000   0.000   -1000.000 -950.000  | 0.000   | -34.746
0.000   -1.000  1.000   0.000   -950.000 -1000.000  | 0.000   | -37.564
Node 0 : 0
Node 1 : 4.91144
Node 2 : 4.66872
Node 3 : 0
-----------------------------------
Step: 190  Time: 0.1900000
Mtx (6x6) | Vector x | Vector b
------------------------------------------
0.000   0.000   0.000   -1.000  -1.000  0.000    | 0.000   | 0.000  
0.000   0.010   -0.010  0.000   0.000   -1.000   | 0.000   | 0.000  
0.000   -0.010  0.010   0.000   0.000   1.000    | 0.000   | 0.000  
-1.000  0.000   0.000   0.000   0.000   0.000    | 0.000   | -4.755 
-1.000  0.000   0.000   0.000   -1000.000 -950.000  | 0.000   | -29.835
0.000   -1.000  1.000   0.000   -950.000 -1000.000  | 0.000   | -32.895
Node 0 : 0
Node 1 : 4.75528
Node 2 : 4.59216
Node 3 : 0
-----------------------------------
Step: 191  Time: 0.1910000
Mtx (6x6) | Vector x | Vector b
------------------------------------------
0.000   0.000   0.000   -1.000  -1.000  0.000    | 0.000   | 0.000  
0.000   0.010   -0.010  0.000   0.000   -1.000   | 0.000   | 0.000  
0.000   -0.010  0.010   0.000   0.000   1.000    | 0.000   | 0.000  
-1.000  0.000   0.000   0.000   0.000   0.000    | 0.000   | -4.524 
-1.000  0.000   0.000   0.000   -1000.000 -950.000  | 0.000   | -25.080
0.000   -1.000  1.000   0.000   -950.000 -1000.000  | 0.000   | -28.303
Node 0 : 0
Node 1 : 4.52414
Node 2 : 4.44318
Node 3 : 0
-----------------------------------
Step: 192  Time: 0.1920000
Mtx (6x6) | Vector x | Vector b
------------------------------------------
0.000   0.000   0.000   -1.000  -1.000  0.000    | 0.000   | 0.000  
0.000   0.010   -0.010  0.000   0.000   -1.000   | 0.000   | 0.000  
0.000   -0.010  0.010   0.000   0.000   1.000    | 0.000   | 0.000  
-1.000  0.000   0.000   0.000   0.000   0.000    | 0.000   | -4.222 
-1.000  0.000   0.000   0.000   -1000.000 -950.000  | 0.000   | -20.555
0.000   -1.000  1.000   0.000   -950.000 -1000.000  | 0.000   | -23.860
Node 0 : 0
Node 1 : 4.22164
Node 2 : 4.22413
Node 3 : 0
-----------------------------------
Step: 193  Time: 0.1930000
Mtx (6x6) | Vector x | Vector b
------------------------------------------
0.000   0.000   0.000   -1.000  -1.000  0.000    | 0.000   | 0.000  
0.000   0.010   -0.010  0.000   0.000   -1.000   | 0.000   | 0.000  
0.000   -0.010  0.010   0.000   0.000   1.000    | 0.000   | 0.000  
-1.000  0.000   0.000   0.000   0.000   0.000    | 0.000   | -3.853 
-1.000  0.000   0.000   0.000   -1000.000 -950.000  | 0.000   | -16.334
0.000   -1.000  1.000   0.000   -950.000 -1000.000  | 0.000   | -19.636
Node 0 : 0
Node 1 : 3.85257
Node 2 : 3.93846
Node 3 : 0
-----------------------------------
Step: 194  Time: 0.1940000
Mtx (6x6) | Vector x | Vector b
------------------------------------------
0.000   0.000   0.000   -1.000  -1.000  0.000    | 0.000   | 0.000  
0.000   0.010   -0.010  0.000   0.000   -1.000   | 0.000   | 0.000  
0.000   -0.010  0.010   0.000   0.000   1.000    | 0.000   | 0.000  
-1.000  0.000   0.000   0.000   0.000   0.000    | 0.000   | -3.423 
-1.000  0.000   0.000   0.000   -1000.000 -950.000  | 0.000   | -12.481
0.000   -1.000  1.000   0.000   -950.000 -1000.000  | 0.000   | -15.697
Node 0 : 0
Node 1 : 3.42274
Node 2 : 3.59068
Node 3 : 0
-----------------------------------
Step: 195  Time: 0.1950000
Mtx (6x6) | Vector x | Vector b
------------------------------------------
0.000   0.000   0.000   -1.000  -1.000  0.000    | 0.000   | 0.000  
0.000   0.010   -0.010  0.000   0.000   -1.000   | 0.000   | 0.000  
0.000   -0.010  0.010   0.000   0.000   1.000    | 0.000   | 0.000  
-1.000  0.000   0.000   0.000   0.000   0.000    | 0.000   | -2.939 
-1.000  0.000   0.000   0.000   -1000.000 -950.000  | 0.000   | -9.058 
0.000   -1.000  1.000   0.000   -950.000 -1000.000  | 0.000   | -12.106
Node 0 : 0
Node 1 : 2.93893
Node 2 : 3.18628
Node 3 : 0
-----------------------------------
Step: 196  Time: 0.1960000
Mtx (6x6) | Vector x | Vector b
------------------------------------------
0.000   0.000   0.000   -1.000  -1.000  0.000    | 0.000   | 0.000  
0.000   0.010   -0.010  0.000   0.000   -1.000   | 0.000   | 0.000  
0.000   -0.010  0.010   0.000   0.000   1.000    | 0.000   | 0.000  
-1.000  0.000   0.000   0.000   0.000   0.000    | 0.000   | -2.409 
-1.000  0.000   0.000   0.000   -1000.000 -950.000  | 0.000   | -6.120 
0.000   -1.000  1.000   0.000   -950.000 -1000.000  | 0.000   | -8.920 
Node 0 : 0
Node 1 : 2.40877
Node 2 : 2.73162
Node 3 : 0
-----------------------------------
Step: 197  Time: 0.1970000
Mtx (6x6) | Vector x | Vector b
------------------------------------------
0.000   0.000   0.000   -1.000  -1.000  0.000    | 0.000   | 0.000  
0.000   0.010   -0.010  0.000   0.000   -1.000   | 0.000   | 0.000  
0.000   -0.010  0.010   0.000   0.000   1.000    | 0.000   | 0.000  
-1.000  0.000   0.000   0.000   0.000   0.000    | 0.000   | -1.841 
-1.000  0.000   0.000   0.000   -1000.000 -950.000  | 0.000   | -3.711 
0.000   -1.000  1.000   0.000   -950.000 -1000.000  | 0.000   | -6.189 
Node 0 : 0
Node 1 : 1.84062
Node 2 : 2.23388
Node 3 : 0
-----------------------------------
Step: 198  Time: 0.1980000
Mtx (6x6) | Vector x | Vector b
------------------------------------------
0.000   0.000   0.000   -1.000  -1.000  0.000    | 0.000   | 0.000  
0.000   0.010   -0.010  0.000   0.000   -1.000   | 0.000   | 0.000  
0.000   -0.010  0.010   0.000   0.000   1.000    | 0.000   | 0.000  
-1.000  0.000   0.000   0.000   0.000   0.000    | 0.000   | -1.243 
-1.000  0.000   0.000   0.000   -1000.000 -950.000  | 0.000   | -1.870 
0.000   -1.000  1.000   0.000   -950.000 -1000.000  | 0.000   | -3.955 
Node 0 : 0
Node 1 : 1.24345
Node 2 : 1.70092
Node 3 : 0
-----------------------------------
Step: 199  Time: 0.1990000
Mtx (6x6) | Vector x | Vector b
------------------------------------------
0.000   0.000   0.000   -1.000  -1.000  0.000    | 0.000   | 0.000  
0.000   0.010   -0.010  0.000   0.000   -1.000   | 0.000   | 0.000  
0.000   -0.010  0.010   0.000   0.000   1.000    | 0.000   | 0.000  
-1.000  0.000   0.000   0.000   0.000   0.000    | 0.000   | -0.627 
-1.000  0.000   0.000   0.000   -1000.000 -950.000  | 0.000   | -0.627 
0.000   -1.000  1.000   0.000   -950.000 -1000.000  | 0.000   | -2.254 
Node 0 : 0
Node 1 : 0.626666
Node 2 : 1.14113
Node 3 : 0
-----------------------------------
Step: 200  Time: 0.2000000
Mtx (6x6) | Vector x | Vector b
------------------------------------------
0.000   0.000   0.000   -1.000  -1.000  0.000    | 0.000   | 0.000  
0.000   0.010   -0.010  0.000   0.000   -1.000   | 0.000   | 0.000  
0.000   -0.010  0.010   0.000   0.000   1.000    | 0.000   | 0.000  
-1.000  0.000   0.000   0.000   0.000   0.000    | 0.000   | 0.000  
-1.000  0.000   0.000   0.000   -1000.000 -950.000  | 0.000   | 0.000  
0.000   -1.000  1.000   0.000   -950.000 -1000.000  | 0.000   | -1.113 
Node 0 : 0
Node 1 : 0
Node 2 : 0.563342
Node 3 : 0
-----------------------------------
Step: 201  Time: 0.2010000
Mtx (6x6) | Vector x | Vector b
------------------------------------------
0.000   0.000   0.000   -1.000  -1.000  0.000    | 0.000   | 0.000  
0.000   0.010   -0.010  0.000   0.000   -1.000   | 0.000   | 0.000  
0.000   -0.010  0.010   0.000   0.000   1.000    | 0.000   | 0.000  
-1.000  0.000   0.000   0.000   0.000   0.000    | 0.000   | 0.627  
-1.000  0.000   0.000   0.000   -1000.000 -950.000  | 0.000   | 0.000  
0.000   -1.000  1.000   0.000   -950.000 -1000.000  | 0.000   | -0.549 
Node 0 : 0
Node 1 : -0.626666
Node 2 : -0.0233289
Node 3 : 0
-----------------------------------
Step: 202  Time: 0.2020000
Mtx (6x6) | Vector x | Vector b
------------------------------------------
0.000   0.000   0.000   -1.000  -1.000  0.000    | 0.000   | 0.000  
0.000   0.010   -0.010  0.000   0.000   -1.000   | 0.000   | 0.000  
0.000   -0.010  0.010   0.000   0.000   1.000    | 0.000   | 0.000  
-1.000  0.000   0.000   0.000   0.000   0.000    | 0.000   | 1.243  
-1.000  0.000   0.000   0.000   -1000.000 -950.000  | 0.000   | -0.627 
0.000   -1.000  1.000   0.000   -950.000 -1000.000  | 0.000   | -0.573 
Node 0 : 0
Node 1 : -1.24345
Node 2 : -0.609632
Node 3 : 0
-----------------------------------
Step: 203  Time: 0.2030000
Mtx (6x6) | Vector x | Vector b
------------------------------------------
0.000   0.000   0.000   -1.000  -1.000  0.000    | 0.000   | 0.000  
0.000   0.010   -0.010  0.000   0.000   -1.000   | 0.000   | 0.000  
0.000   -0.010  0.010   0.000   0.000   1.000    | 0.000   | 0.000  
-1.000  0.000   0.000   0.000   0.000   0.000    | 0.000   | 1.841  
-1.000  0.000   0.000   0.000   -1000.000 -950.000  | 0.000   | -1.870 
0.000   -1.000  1.000   0.000   -950.000 -1000.000  | 0.000   | -1.182 
Node 0 : 0
Node 1 : -1.84062
Node 2 : -1.18632
Node 3 : 0
-----------------------------------
Step: 204  Time: 0.2040000
Mtx (6x6) | Vector x | Vector b
------------------------------------------
0.000   0.000   0.000   -1.000  -1.000  0.000    | 0.000   | 0.000  
0.000   0.010   -0.010  0.000   0.000   -1.000   | 0.000   | 0.000  
0.000   -0.010  0.010   0.000   0.000   1.000    | 0.000   | 0.000  
-1.000  0.000   0.000   0.000   0.000   0.000    | 0.000   | 2.409  
-1.000  0.000   0.000   0.000   -1000.000 -950.000  | 0.000   | -3.711 
0.000   -1.000  1.000   0.000   -950.000 -1000.000  | 0.000   | -2.369 
Node 0 : 0
Node 1 : -2.40877
Node 2 : -1.7443
Node 3 : 0
-----------------------------------
Step: 205  Time: 0.2050000
Mtx (6x6) | Vector x | Vector b
------------------------------------------
0.000   0.000   0.000   -1.000  -1.000  0.000    | 0.000   | 0.000  
0.000   0.010   -0.010  0.000   0.000   -1.000   | 0.000   | 0.000  
0.000   -0.010  0.010   0.000   0.000   1.000    | 0.000   | 0.000  
-1.000  0.000   0.000   0.000   0.000   0.000    | 0.000   | 2.939  
-1.000  0.000   0.000   0.000   -1000.000 -950.000  | 0.000   | -6.120 
0.000   -1.000  1.000   0.000   -950.000 -1000.000  | 0.000   | -4.113 
Node 0 : 0
Node 1 : -2.93893
Node 2 : -2.27477
Node 3 : 0
-----------------------------------
Step: 206  Time: 0.2060000
Mtx (6x6) | Vector x | Vector b
------------------------------------------
0.000   0.000   0.000   -1.000  -1.000  0.000    | 0.000   | 0.000  
0.000   0.010   -0.010  0.000   0.000   -1.000   | 0.000   | 0.000  
0.000   -0.010  0.010   0.000   0.000   1.000    | 0.000   | 0.000  
-1.000  0.000   0.000   0.000   0.000   0.000    | 0.000   | 3.423  
-1.000  0.000   0.000   0.000   -1000.000 -950.000  | 0.000   | -9.058 
0.000   -1.000  1.000   0.000   -950.000 -1000.000  | 0.000   | -6.388 
Node 0 : 0
Node 1 : -3.42274
Node 2 : -2.76937
Node 3 : 0
-----------------------------------
Step: 207  Time: 0.2070000
Mtx (6x6) | Vector x | Vector b
------------------------------------------
0.000   0.000   0.000   -1.000  -1.000  0.000    | 0.000   | 0.000  
0.000   0.010   -0.010  0.000   0.000   -1.000   | 0.000   | 0.000  
0.000   -0.010  0.010   0.000   0.000   1.000    | 0.000   | 0.000  
-1.000  0.000   0.000   0.000   0.000   0.000    | 0.000   | 3.853  
-1.000  0.000   0.000   0.000   -1000.000 -950.000  | 0.000   | -12.481
0.000   -1.000  1.000   0.000   -950.000 -1000.000  | 0.000   | -9.157 
Node 0 : 0
Node 1 : -3.85257
Node 2 : -3.22029
Node 3 : 0
-----------------------------------
Step: 208  Time: 0.2080000
Mtx (6x6) | Vector x | Vector b
------------------------------------------
0.000   0.000   0.000   -1.000  -1.000  0.000    | 0.000   | 0.000  
0.000   0.010   -0.010  0.000   0.000   -1.000   | 0.000   | 0.000  
0.000   -0.010  0.010   0.000   0.000   1.000    | 0.000   | 0.000  
-1.000  0.000   0.000   0.000   0.000   0.000    | 0.000   | 4.222  
-1.000  0.000   0.000   0.000   -1000.000 -950.000  | 0.000   | -16.334
0.000   -1.000  1.000   0.000   -950.000 -1000.000  | 0.000   | -12.377
Node 0 : 0
Node 1 : -4.22164
Node 2 : -3.62043
Node 3 : 0
-----------------------------------
Step: 209  Time: 0.2090000
Mtx (6x6) | Vector x | Vector b
------------------------------------------
0.000   0.000   0.000   -1.000  -1.000  0.000    | 0.000   | 0.000  
0.000   0.010   -0.010  0.000   0.000   -1.000   | 0.000   | 0.000  
0.000   -0.010  0.010   0.000   0.000   1.000    | 0.000   | 0.000  
-1.000  0.000   0.000   0.000   0.000   0.000    | 0.000   | 4.524  
-1.000  0.000   0.000   0.000   -1000.000 -950.000  | 0.000   | -20.555
0.000   -1.000  1.000   0.000   -950.000 -1000.000  | 0.000   | -15.998
Node 0 : 0
Node 1 : -4.52414
Node 2 : -3.96346
Node 3 : 0
-----------------------------------
Step: 210  Time: 0.2100000
Mtx (6x6) | Vector x | Vector b
------------------------------------------
0.000   0.000   0.000   -1.000  -1.000  0.000    | 0.000   | 0.000  
0.000   0.010   -0.010  0.000   0.000   -1.000   | 0.000   | 0.000  
0.000   -0.010  0.010   0.000   0.000   1.000    | 0.000   | 0.000  
-1.000  0.000   0.000   0.000   0.000   0.000    | 0.000   | 4.755  
-1.000  0.000   0.000   0.000   -1000.000 -950.000  | 0.000   | -25.080
0.000   -1.000  1.000   0.000   -950.000 -1000.000  | 0.000   | -19.961
Node 0 : 0
Node 1 : -4.75528
Node 2 : -4.244
Node 3 : 0
-----------------------------------
Step: 211  Time: 0.2110000
Mtx (6x6) | Vector x | Vector b
------------------------------------------
0.000   0.000   0.000   -1.000  -1.000  0.000    | 0.000   | 0.000  
0.000   0.010   -0.010  0.000   0.000   -1.000   | 0.000   | 0.000  
0.000   -0.010  0.010   0.000   0.000   1.000    | 0.000   | 0.000  
-1.000  0.000   0.000   0.000   0.000   0.000    | 0.000   | 4.911  
-1.000  0.000   0.000   0.000   -1000.000 -950.000  | 0.000   | -29.835
0.000   -1.000  1.000   0.000   -950.000 -1000.000  | 0.000   | -24.205
Node 0 : 0
Node 1 : -4.91144
Node 2 : -4.4576
Node 3 : 0
-----------------------------------
Step: 212  Time: 0.2120000
Mtx (6x6) | Vector x | Vector b
------------------------------------------
0.000   0.000   0.000   -1.000  -1.000  0.000    | 0.000   | 0.000  
0.000   0.010   -0.010  0.000   0.000   -1.000   | 0.000   | 0.000  
0.000   -0.010  0.010   0.000   0.000   1.000    | 0.000   | 0.000  
-1.000  0.000   0.000   0.000   0.000   0.000    | 0.000   | 4.990  
-1.000  0.000   0.000   0.000   -1000.000 -950.000  | 0.000   | -34.746
0.000   -1.000  1.000   0.000   -950.000 -1000.000  | 0.000   | -28.663
Node 0 : 0
Node 1 : -4.99013
Node 2 : -4.60091
Node 3 : 0
-----------------------------------
Step: 213  Time: 0.2130000
Mtx (6x6) | Vector x | Vector b
------------------------------------------
0.000   0.000   0.000   -1.000  -1.000  0.000    | 0.000   | 0.000  
0.000   0.010   -0.010  0.000   0.000   -1.000   | 0.000   | 0.000  
0.000   -0.010  0.010   0.000   0.000   1.000    | 0.000   | 0.000  
-1.000  0.000   0.000   0.000   0.000   0.000    | 0.000   | 4.990  
-1.000  0.000   0.000   0.000   -1000.000 -950.000  | 0.000   | -39.736
0.000   -1.000  1.000   0.000   -950.000 -1000.000  | 0.000   | -33.264
Node 0 : 0
Node 1 : -4.99013
Node 2 : -4.67165
Node 3 : 0
-----------------------------------
Step: 214  Time: 0.2140000
Mtx (6x6) | Vector x | Vector b
------------------------------------------
0.000   0.000   0.000   -1.000  -1.000  0.000    | 0.000   | 0.000  
0.000   0.010   -0.010  0.000   0.000   -1.000   | 0.000   | 0.000  
0.000   -0.010  0.010   0.000   0.000   1.000    | 0.000   | 0.000  
-1.000  0.000   0.000   0.000   0.000   0.000    | 0.000   | 4.911  
-1.000  0.000   0.000   0.000   -1000.000 -950.000  | 0.000   | -44.726
0.000   -1.000  1.000   0.000   -950.000 -1000.000  | 0.000   | -37.935
Node 0 : 0
Node 1 : -4.91144
Node 2 : -4.66872
Node 3 : 0
-----------------------------------
Step: 215  Time: 0.2150000
Mtx (6x6) | Vector x | Vector b
------------------------------------------
0.000   0.000   0.000   -1.000  -1.000  0.000    | 0.000   | 0.000  
0.000   0.010   -0.010  0.000   0.000   -1.000   | 0.000   | 0.000  
0.000   -0.010  0.010   0.000   0.000   1.000    | 0.000   | 0.000  
-1.000  0.000   0.000   0.000   0.000   0.000    | 0.000   | 4.755  
-1.000  0.000   0.000   0.000   -1000.000 -950.000  | 0.000   | -49.638
0.000   -1.000  1.000   0.000   -950.000 -1000.000  | 0.000   | -42.604
Node 0 : 0
Node 1 : -4.75528
Node 2 : -4.59216
Node 3 : 0
-----------------------------------
Step: 216  Time: 0.2160000
Mtx (6x6) | Vector x | Vector b
------------------------------------------
0.000   0.000   0.000   -1.000  -1.000  0.000    | 0.000   | 0.000  
0.000   0.010   -0.010  0.000   0.000   -1.000   | 0.000   | 0.000  
0.000   -0.010  0.010   0.000   0.000   1.000    | 0.000   | 0.000  
-1.000  0.000   0.000   0.000   0.000   0.000    | 0.000   | 4.524  
-1.000  0.000   0.000   0.000   -1000.000 -950.000  | 0.000   | -54.393
0.000   -1.000  1.000   0.000   -950.000 -1000.000  | 0.000   | -47.196
Node 0 : 0
Node 1 : -4.52414
Node 2 : -4.44318
Node 3 : 0
-----------------------------------
Step: 217  Time: 0.2170000
Mtx (6x6) | Vector x | Vector b
------------------------------------------
0.000   0.000   0.000   -1.000  -1.000  0.000    | 0.000   | 0.000  
0.000   0.010   -0.010  0.000   0.000   -1.000   | 0.000   | 0.000  
0.000   -0.010  0.010   0.000   0.000   1.000    | 0.000   | 0.000  
-1.000  0.000   0.000   0.000   0.000   0.000    | 0.000   | 4.222  
-1.000  0.000   0.000   0.000   -1000.000 -950.000  | 0.000   | -58.917
0.000   -1.000  1.000   0.000   -950.000 -1000.000  | 0.000   | -51.639
Node 0 : 0
Node 1 : -4.22164
Node 2 : -4.22413
Node 3 : 0
-----------------------------------
Step: 218  Time: 0.2180000
Mtx (6x6) | Vector x | Vector b
------------------------------------------
0.000   0.000   0.000   -1.000  -1.000  0.000    | 0.000   | 0.000  
0.000   0.010   -0.010  0.000   0.000   -1.000   | 0.000   | 0.000  
0.000   -0.010  0.010   0.000   0.000   1.000    | 0.000   | 0.000  
-1.000  0.000   0.000   0.000   0.000   0.000    | 0.000   | 3.853  
-1.000  0.000   0.000   0.000   -1000.000 -950.000  | 0.000   | -63.139
0.000   -1.000  1.000   0.000   -950.000 -1000.000  | 0.000   | -55.864
Node 0 : 0
Node 1 : -3.85257
Node 2 : -3.93846
Node 3 : 0
-----------------------------------
Step: 219  Time: 0.2190000
Mtx (6x6) | Vector x | Vector b
------------------------------------------
0.000   0.000   0.000   -1.000  -1.000  0.000    | 0.000   | 0.000  
0.000   0.010   -0.010  0.000   0.000   -1.000   | 0.000   | 0.000  
0.000   -0.010  0.010   0.000   0.000   1.000    | 0.000   | 0.000  
-1.000  0.000   0.000   0.000   0.000   0.000    | 0.000   | 3.423  
-1.000  0.000   0.000   0.000   -1000.000 -950.000  | 0.000   | -66.992
0.000   -1.000  1.000   0.000   -950.000 -1000.000  | 0.000   | -59.802
Node 0 : 0
Node 1 : -3.42274
Node 2 : -3.59068
Node 3 : 0
-----------------------------------
Step: 220  Time: 0.2200000
Mtx (6x6) | Vector x | Vector b
------------------------------------------
0.000   0.000   0.000   -1.000  -1.000  0.000    | 0.000   | 0.000  
0.000   0.010   -0.010  0.000   0.000   -1.000   | 0.000   | 0.000  
0.000   -0.010  0.010   0.000   0.000   1.000    | 0.000   | 0.000  
-1.000  0.000   0.000   0.000   0.000   0.000    | 0.000   | 2.939  
-1.000  0.000   0.000   0.000   -1000.000 -950.000  | 0.000   | -70.414
0.000   -1.000  1.000   0.000   -950.000 -1000.000  | 0.000   | -63.393
Node 0 : 0
Node 1 : -2.93893
Node 2 : -3.18628
Node 3 : 0
-----------------------------------
Step: 221  Time: 0.2210000
Mtx (6x6) | Vector x | Vector b
------------------------------------------
0.000   0.000   0.000   -1.000  -1.000  0.000    | 0.000   | 0.000  
0.000   0.010   -0.010  0.000   0.000   -1.000   | 0.000   | 0.000  
0.000   -0.010  0.010   0.000   0.000   1.000    | 0.000   | 0.000  
-1.000  0.000   0.000   0.000   0.000   0.000    | 0.000   | 2.409  
-1.000  0.000   0.000   0.000   -1000.000 -950.000  | 0.000   | -73.353
0.000   -1.000  1.000   0.000   -950.000 -1000.000  | 0.000   | -66.579
Node 0 : 0
Node 1 : -2.40877
Node 2 : -2.73162
Node 3 : 0
-----------------------------------
Step: 222  Time: 0.2220000
Mtx (6x6) | Vector x | Vector b
------------------------------------------
0.000   0.000   0.000   -1.000  -1.000  0.000    | 0.000   | 0.000  
0.000   0.010   -0.010  0.000   0.000   -1.000   | 0.000   | 0.000  
0.000   -0.010  0.010   0.000   0.000   1.000    | 0.000   | 0.000  
-1.000  0.000   0.000   0.000   0.000   0.000    | 0.000   | 1.841  
-1.000  0.000   0.000   0.000   -1000.000 -950.000  | 0.000   | -75.762
0.000   -1.000  1.000   0.000   -950.000 -1000.000  | 0.000   | -69.311
Node 0 : 0
Node 1 : -1.84062
Node 2 : -2.23388
Node 3 : 0
-----------------------------------
Step: 223  Time: 0.2230000
Mtx (6x6) | Vector x | Vector b
------------------------------------------
0.000   0.000   0.000   -1.000  -1.000  0.000    | 0.000   | 0.000  
0.000   0.010   -0.010  0.000   0.000   -1.000   | 0.000   | 0.000  
0.000   -0.010  0.010   0.000   0.000   1.000    | 0.000   | 0.000  
-1.000  0.000   0.000   0.000   0.000   0.000    | 0.000   | 1.243  
-1.000  0.000   0.000   0.000   -1000.000 -950.000  | 0.000   | -77.603
0.000   -1.000  1.000   0.000   -950.000 -1000.000  | 0.000   | -71.544
Node 0 : 0
Node 1 : -1.24345
Node 2 : -1.70092
Node 3 : 0
-----------------------------------
Step: 224  Time: 0.2240000
Mtx (6x6) | Vector x | Vector b
------------------------------------------
0.000   0.000   0.000   -1.000  -1.000  0.000    | 0.000   | 0.000  
0.000   0.010   -0.010  0.000   0.000   -1.000   | 0.000   | 0.000  
0.000   -0.010  0.010   0.000   0.000   1.000    | 0.000   | 0.000  
-1.000  0.000   0.000   0.000   0.000   0.000    | 0.000   | 0.627  
-1.000  0.000   0.000   0.000   -1000.000 -950.000  | 0.000   | -78.846
0.000   -1.000  1.000   0.000   -950.000 -1000.000  | 0.000   | -73.245
Node 0 : 0
Node 1 : -0.626666
Node 2 : -1.14113
Node 3 : 0
-----------------------------------
Step: 225  Time: 0.2250000
Mtx (6x6) | Vector x | Vector b
------------------------------------------
0.000   0.000   0.000   -1.000  -1.000  0.000    | 0.000   | 0.000  
0.000   0.010   -0.010  0.000   0.000   -1.000   | 0.000   | 0.000  
0.000   -0.010  0.010   0.000   0.000   1.000    | 0.000   | 0.000  
-1.000  0.000   0.000   0.000   0.000   0.000    | 0.000   | -0.000 
-1.000  0.000   0.000   0.000   -1000.000 -950.000  | 0.000   | -79.473
0.000   -1.000  1.000   0.000   -950.000 -1000.000  | 0.000   | -74.386
Node 0 : 0
Node 1 : 0
Node 2 : -0.563342
Node 3 : 0
-----------------------------------
Step: 226  Time: 0.2260000
Mtx (6x6) | Vector x | Vector b
------------------------------------------
0.000   0.000   0.000   -1.000  -1.000  0.000    | 0.000   | 0.000  
0.000   0.010   -0.010  0.000   0.000   -1.000   | 0.000   | 0.000  
0.000   -0.010  0.010   0.000   0.000   1.000    | 0.000   | 0.000  
-1.000  0.000   0.000   0.000   0.000   0.000    | 0.000   | -0.627 
-1.000  0.000   0.000   0.000   -1000.000 -950.000  | 0.000   | -79.473
0.000   -1.000  1.000   0.000   -950.000 -1000.000  | 0.000   | -74.950
Node 0 : 0
Node 1 : 0.626666
Node 2 : 0.0233289
Node 3 : 0
-----------------------------------
Step: 227  Time: 0.2270000
Mtx (6x6) | Vector x | Vector b
------------------------------------------
0.000   0.000   0.000   -1.000  -1.000  0.000    | 0.000   | 0.000  
0.000   0.010   -0.010  0.000   0.000   -1.000   | 0.000   | 0.000  
0.000   -0.010  0.010   0.000   0.000   1.000    | 0.000   | 0.000  
-1.000  0.000   0.000   0.000   0.000   0.000    | 0.000   | -1.243 
-1.000  0.000   0.000   0.000   -1000.000 -950.000  | 0.000   | -78.846
0.000   -1.000  1.000   0.000   -950.000 -1000.000  | 0.000   | -74.927
Node 0 : 0
Node 1 : 1.24345
Node 2 : 0.609632
Node 3 : 0
-----------------------------------
Step: 228  Time: 0.2280000
Mtx (6x6) | Vector x | Vector b
------------------------------------------
0.000   0.000   0.000   -1.000  -1.000  0.000    | 0.000   | 0.000  
0.000   0.010   -0.010  0.000   0.000   -1.000   | 0.000   | 0.000  
0.000   -0.010  0.010   0.000   0.000   1.000    | 0.000   | 0.000  
-1.000  0.000   0.000   0.000   0.000   0.000    | 0.000   | -1.841 
-1.000  0.000   0.000   0.000   -1000.000 -950.000  | 0.000   | -77.603
0.000   -1.000  1.000   0.000   -950.000 -1000.000  | 0.000   | -74.317
Node 0 : 0
Node 1 : 1.84062
Node 2 : 1.18632
Node 3 : 0
-----------------------------------
Step: 229  Time: 0.2290000
Mtx (6x6) | Vector x | Vector b
------------------------------------------
0.000   0.000   0.000   -1.000  -1.000  0.000    | 0.000   | 0.000  
0.000   0.010   -0.010  0.000   0.000   -1.000   | 0.000   | 0.000  
0.000   -0.010  0.010   0.000   0.000   1.000    | 0.000   | 0.000  
-1.000  0.000   0.000   0.000   0.000   0.000    | 0.000   | -2.409 
-1.000  0.000   0.000   0.000   -1000.000 -950.000  | 0.000   | -75.762
0.000   -1.000  1.000   0.000   -950.000 -1000.000  | 0.000   | -73.131
Node 0 : 0
Node 1 : 2.40877
Node 2 : 1.7443
Node 3 : 0
-----------------------------------
Step: 230  Time: 0.2300000
Mtx (6x6) | Vector x | Vector b
------------------------------------------
0.000   0.000   0.000   -1.000  -1.000  0.000    | 0.000   | 0.000  
0.000   0.010   -0.010  0.000   0.000   -1.000   | 0.000   | 0.000  
0.000   -0.010  0.010   0.000   0.000   1.000    | 0.000   | 0.000  
-1.000  0.000   0.000   0.000   0.000   0.000    | 0.000   | -2.939 
-1.000  0.000   0.000   0.000   -1000.000 -950.000  | 0.000   | -73.353
0.000   -1.000  1.000   0.000   -950.000 -1000.000  | 0.000   | -71.386
Node 0 : 0
Node 1 : 2.93893
Node 2 : 2.27477
Node 3 : 0
-----------------------------------
Step: 231  Time: 0.2310000
Mtx (6x6) | Vector x | Vector b
------------------------------------------
0.000   0.000   0.000   -1.000  -1.000  0.000    | 0.000   | 0.000  
0.000   0.010   -0.010  0.000   0.000   -1.000   | 0.000   | 0.000  
0.000   -0.010  0.010   0.000   0.000   1.000    | 0.000   | 0.000  
-1.000  0.000   0.000   0.000   0.000   0.000    | 0.000   | -3.423 
-1.000  0.000   0.000   0.000   -1000.000 -950.000  | 0.000   | -70.414
0.000   -1.000  1.000   0.000   -950.000 -1000.000  | 0.000   | -69.111
Node 0 : 0
Node 1 : 3.42274
Node 2 : 2.76937
Node 3 : 0
-----------------------------------
Step: 232  Time: 0.2320000
Mtx (6x6) | Vector x | Vector b
------------------------------------------
0.000   0.000   0.000   -1.000  -1.000  0.000    | 0.000   | 0.000  
0.000   0.010   -0.010  0.000   0.000   -1.000   | 0.000   | 0.000  
0.000   -0.010  0.010   0.000   0.000   1.000    | 0.000   | 0.000  
-1.000  0.000   0.000   0.000   0.000   0.000    | 0.000   | -3.853 
-1.000  0.000   0.000   0.000   -1000.000 -950.000  | 0.000   | -66.992
0.000   -1.000  1.000   0.000   -950.000 -1000.000  | 0.000   | -66.342
Node 0 : 0
Node 1 : 3.85257
Node 2 : 3.22029
Node 3 : 0
-----------------------------------
Step: 233  Time: 0.2330000
Mtx (6x6) | Vector x | Vector b
------------------------------------------
0.000   0.000   0.000   -1.000  -1.000  0.000    | 0.000   | 0.000  
0.000   0.010   -0.010  0.000   0.000   -1.000   | 0.000   | 0.000  
0.000   -0.010  0.010   0.000   0.000   1.000    | 0.000   | 0.000  
-1.000  0.000   0.000   0.000   0.000   0.000    | 0.000   | -4.222 
-1.000  0.000   0.000   0.000   -1000.000 -950.000  | 0.000   | -63.139
0.000   -1.000  1.000   0.000   -950.000 -1000.000  | 0.000   | -63.122
Node 0 : 0
Node 1 : 4.22164
Node 2 : 3.62043
Node 3 : 0
-----------------------------------
Step: 234  Time: 0.2340000
Mtx (6x6) | Vector x | Vector b
------------------------------------------
0.000   0.000   0.000   -1.000  -1.000  0.000    | 0.000   | 0.000  
0.000   0.010   -0.010  0.000   0.000   -1.000   | 0.000   | 0.000  
0.000   -0.010  0.010   0.000   0.000   1.000    | 0.000   | 0.000  
-1.000  0.000   0.000   0.000   0.000   0.000    | 0.000   | -4.524 
-1.000  0.000   0.000   0.000   -1000.000 -950.000  | 0.000   | -58.917
0.000   -1.000  1.000   0.000   -950.000 -1000.000  | 0.000   | -59.501
Node 0 : 0
Node 1 : 4.52414
Node 2 : 3.96346
Node 3 : 0
-----------------------------------
Step: 235  Time: 0.2350000
Mtx (6x6) | Vector x | Vector b
------------------------------------------
0.000   0.000   0.000   -1.000  -1.000  0.000    | 0.000   | 0.000  
0.000   0.010   -0.010  0.000   0.000   -1.000   | 0.000   | 0.000  
0.000   -0.010  0.010   0.000   0.000   1.000    | 0.000   | 0.000  
-1.000  0.000   0.000   0.000   0.000   0.000    | 0.000   | -4.755 
-1.000  0.000   0.000   0.000   -1000.000 -950.000  | 0.000   | -54.393
0.000   -1.000  1.000   0.000   -950.000 -1000.000  | 0.000   | -55.538
Node 0 : 0
Node 1 : 4.75528
Node 2 : 4.244
Node 3 : 0
-----------------------------------
Step: 236  Time: 0.2360000
Mtx (6x6) | Vector x | Vector b
------------------------------------------
0.000   0.000   0.000   -1.000  -1.000  0.000    | 0.000   | 0.000  
0.000   0.010   -0.010  0.000   0.000   -1.000   | 0.000   | 0.000  
0.000   -0.010  0.010   0.000   0.000   1.000    | 0.000   | 0.000  
-1.000  0.000   0.000   0.000   0.000   0.000    | 0.000   | -4.911 
-1.000  0.000   0.000   0.000   -1000.000 -950.000  | 0.000   | -49.638
0.000   -1.000  1.000   0.000   -950.000 -1000.000  | 0.000   | -51.294
Node 0 : 0
Node 1 : 4.91144
Node 2 : 4.4576
Node 3 : 0
-----------------------------------
Step: 237  Time: 0.2370000
Mtx (6x6) | Vector x | Vector b
------------------------------------------
0.000   0.000   0.000   -1.000  -1.000  0.000    | 0.000   | 0.000  
0.000   0.010   -0.010  0.000   0.000   -1.000   | 0.000   | 0.000  
0.000   -0.010  0.010   0.000   0.000   1.000    | 0.000   | 0.000  
-1.000  0.000   0.000   0.000   0.000   0.000    | 0.000   | -4.990 
-1.000  0.000   0.000   0.000   -1000.000 -950.000  | 0.000   | -44.726
0.000   -1.000  1.000   0.000   -950.000 -1000.000  | 0.000   | -46.836
Node 0 : 0
Node 1 : 4.99013
Node 2 : 4.60091
Node 3 : 0
-----------------------------------
Step: 238  Time: 0.2380000
Mtx (6x6) | Vector x | Vector b
------------------------------------------
0.000   0.000   0.000   -1.000  -1.000  0.000    | 0.000   | 0.000  
0.000   0.010   -0.010  0.000   0.000   -1.000   | 0.000   | 0.000  
0.000   -0.010  0.010   0.000   0.000   1.000    | 0.000   | 0.000  
-1.000  0.000   0.000   0.000   0.000   0.000    | 0.000   | -4.990 
-1.000  0.000   0.000   0.000   -1000.000 -950.000  | 0.000   | -39.736
0.000   -1.000  1.000   0.000   -950.000 -1000.000  | 0.000   | -42.235
Node 0 : 0
Node 1 : 4.99013
Node 2 : 4.67165
Node 3 : 0
-----------------------------------
Step: 239  Time: 0.2390000
Mtx (6x6) | Vector x | Vector b
------------------------------------------
0.000   0.000   0.000   -1.000  -1.000  0.000    | 0.000   | 0.000  
0.000   0.010   -0.010  0.000   0.000   -1.000   | 0.000   | 0.000  
0.000   -0.010  0.010   0.000   0.000   1.000    | 0.000   | 0.000  
-1.000  0.000   0.000   0.000   0.000   0.000    | 0.000   | -4.911 
-1.000  0.000   0.000   0.000   -1000.000 -950.000  | 0.000   | -34.746
0.000   -1.000  1.000   0.000   -950.000 -1000.000  | 0.000   | -37.564
Node 0 : 0
Node 1 : 4.91144
Node 2 : 4.66872
Node 3 : 0
-----------------------------------
Step: 240  Time: 0.2400000
Mtx (6x6) | Vector x | Vector b
------------------------------------------
0.000   0.000   0.000   -1.000  -1.000  0.000    | 0.000   | 0.000  
0.000   0.010   -0.010  0.000   0.000   -1.000   | 0.000   | 0.000  
0.000   -0.010  0.010   0.000   0.000   1.000    | 0.000   | 0.000  
-1.000  0.000   0.000   0.000   0.000   0.000    | 0.000   | -4.755 
-1.000  0.000   0.000   0.000   -1000.000 -950.000  | 0.000   | -29.835
0.000   -1.000  1.000   0.000   -950.000 -1000.000  | 0.000   | -32.895
Node 0 : 0
Node 1 : 4.75528
Node 2 : 4.59216
Node 3 : 0
-----------------------------------
Step: 241  Time: 0.2410000
Mtx (6x6) | Vector x | Vector b
------------------------------------------
0.000   0.000   0.000   -1.000  -1.000  0.000    | 0.000   | 0.000  
0.000   0.010   -0.010  0.000   0.000   -1.000   | 0.000   | 0.000  
0.000   -0.010  0.010   0.000   0.000   1.000    | 0.000   | 0.000  
-1.000  0.000   0.000   0.000   0.000   0.000    | 0.000   | -4.524 
-1.000  0.000   0.000   0.000   -1000.000 -950.000  | 0.000   | -25.080
0.000   -1.000  1.000   0.000   -950.000 -1000.000  | 0.000   | -28.303
Node 0 : 0
Node 1 : 4.52414
Node 2 : 4.44318
Node 3 : 0
-----------------------------------
Step: 242  Time: 0.2420000
Mtx (6x6) | Vector x | Vector b
------------------------------------------
0.000   0.000   0.000   -1.000  -1.000  0.000    | 0.000   | 0.000  
0.000   0.010   -0.010  0.000   0.000   -1.000   | 0.000   | 0.000  
0.000   -0.010  0.010   0.000   0.000   1.000    | 0.000   | 0.000  
-1.000  0.000   0.000   0.000   0.000   0.000    | 0.000   | -4.222 
-1.000  0.000   0.000   0.000   -1000.000 -950.000  | 0.000   | -20.555
0.000   -1.000  1.000   0.000   -950.000 -1000.000  | 0.000   | -23.860
Node 0 : 0
Node 1 : 4.22164
Node 2 : 4.22413
Node 3 : 0
-----------------------------------
Step: 243  Time: 0.2430000
Mtx (6x6) | Vector x | Vector b
------------------------------------------
0.000   0.000   0.000   -1.000  -1.000  0.000    | 0.000   | 0.000  
0.000   0.010   -0.010  0.000   0.000   -1.000   | 0.000   | 0.000  
0.000   -0.010  0.010   0.000   0.000   1.000    | 0.000   | 0.000  
-1.000  0.000   0.000   0.000   0.000   0.000    | 0.000   | -3.853 
-1.000  0.000   0.000   0.000   -1000.000 -950.000  | 0.000   | -16.334
0.000   -1.000  1.000   0.000   -950.000 -1000.000  | 0.000   | -19.636
Node 0 : 0
Node 1 : 3.85257
Node 2 : 3.93846
Node 3 : 0
-----------------------------------
Step: 244  Time: 0.2440000
Mtx (6x6) | Vector x | Vector b
------------------------------------------
0.000   0.000   0.000   -1.000  -1.000  0.000    | 0.000   | 0.000  
0.000   0.010   -0.010  0.000   0.000   -1.000   | 0.000   | 0.000  
0.000   -0.010  0.010   0.000   0.000   1.000    | 0.000   | 0.000  
-1.000  0.000   0.000   0.000   0.000   0.000    | 0.000   | -3.423 
-1.000  0.000   0.000   0.000   -1000.000 -950.000  | 0.000   | -12.481
0.000   -1.000  1.000   0.000   -950.000 -1000.000  | 0.000   | -15.697
Node 0 : 0
Node 1 : 3.42274
Node 2 : 3.59068
Node 3 : 0
-----------------------------------
Step: 245  Time: 0.2450000
Mtx (6x6) | Vector x | Vector b
------------------------------------------
0.000   0.000   0.000   -1.000  -1.000  0.000    | 0.000   | 0.000  
0.000   0.010   -0.010  0.000   0.000   -1.000   | 0.000   | 0.000  
0.000   -0.010  0.010   0.000   0.000   1.000    | 0.000   | 0.000  
-1.000  0.000   0.000   0.000   0.000   0.000    | 0.000   | -2.939 
-1.000  0.000   0.000   0.000   -1000.000 -950.000  | 0.000   | -9.058 
0.000   -1.000  1.000   0.000   -950.000 -1000.000  | 0.000   | -12.106
Node 0 : 0
Node 1 : 2.93893
Node 2 : 3.18628
Node 3 : 0
-----------------------------------
Step: 246  Time: 0.2460000
Mtx (6x6) | Vector x | Vector b
------------------------------------------
0.000   0.000   0.000   -1.000  -1.000  0.000    | 0.000   | 0.000  
0.000   0.010   -0.010  0.000   0.000   -1.000   | 0.000   | 0.000  
0.000   -0.010  0.010   0.000   0.000   1.000    | 0.000   | 0.000  
-1.000  0.000   0.000   0.000   0.000   0.000    | 0.000   | -2.409 
-1.000  0.000   0.000   0.000   -1000.000 -950.000  | 0.000   | -6.120 
0.000   -1.000  1.000   0.000   -950.000 -1000.000  | 0.000   | -8.920 
Node 0 : 0
Node 1 : 2.40877
Node 2 : 2.73162
Node 3 : 0
-----------------------------------
Step: 247  Time: 0.2470000
Mtx (6x6) | Vector x | Vector b
------------------------------------------
0.000   0.000   0.000   -1.000  -1.000  0.000    | 0.000   | 0.000  
0.000   0.010   -0.010  0.000   0.000   -1.000   | 0.000   | 0.000  
0.000   -0.010  0.010   0.000   0.000   1.000    | 0.000   | 0.000  
-1.000  0.000   0.000   0.000   0.000   0.000    | 0.000   | -1.841 
-1.000  0.000   0.000   0.000   -1000.000 -950.000  | 0.000   | -3.711 
0.000   -1.000  1.000   0.000   -950.000 -1000.000  | 0.000   | -6.189 
Node 0 : 0
Node 1 : 1.84062
Node 2 : 2.23388
Node 3 : 0
-----------------------------------
Step: 248  Time: 0.2480000
Mtx (6x6) | Vector x | Vector b
------------------------------------------
0.000   0.000   0.000   -1.000  -1.000  0.000    | 0.000   | 0.000  
0.000   0.010   -0.010  0.000   0.000   -1.000   | 0.000   | 0.000  
0.000   -0.010  0.010   0.000   0.000   1.000    | 0.000   | 0.000  
-1.000  0.000   0.000   0.000   0.000   0.000    | 0.000   | -1.243 
-1.000  0.000   0.000   0.000   -1000.000 -950.000  | 0.000   | -1.870 
0.000   -1.000  1.000   0.000   -950.000 -1000.000  | 0.000   | -3.955 
Node 0 : 0
Node 1 : 1.24345
Node 2 : 1.70092
Node 3 : 0
-----------------------------------
Step: 249  Time: 0.2490000
Mtx (6x6) | Vector x | Vector b
------------------------------------------
0.000   0.000   0.000   -1.000  -1.000  0.000    | 0.000   | 0.000  
0.000   0.010   -0.010  0.000   0.000   -1.000   | 0.000   | 0.000  
0.000   -0.010  0.010   0.000   0.000   1.000    | 0.000   | 0.000  
-1.000  0.000   0.000   0.000   0.000   0.000    | 0.000   | -0.627 
-1.000  0.000   0.000   0.000   -1000.000 -950.000  | 0.000   | -0.627 
0.000   -1.000  1.000   0.000   -950.000 -1000.000  | 0.000   | -2.254 
Node 0 : 0
Node 1 : 0.626666
Node 2 : 1.14113
Node 3 : 0
-----------------------------------
Step: 250  Time: 0.2500000
Mtx (6x6) | Vector x | Vector b
------------------------------------------
0.000   0.000   0.000   -1.000  -1.000  0.000    | 0.000   | 0.000  
0.000   0.010   -0.010  0.000   0.000   -1.000   | 0.000   | 0.000  
0.000   -0.010  0.010   0.000   0.000   1.000    | 0.000   | 0.000  
-1.000  0.000   0.000   0.000   0.000   0.000    | 0.000   | 0.000  
-1.000  0.000   0.000   0.000   -1000.000 -950.000  | 0.000   | 0.000  
0.000   -1.000  1.000   0.000   -950.000 -1000.000  | 0.000   | -1.113 
Node 0 : 0
Node 1 : 0
Node 2 : 0.563342
Node 3 : 0
-----------------------------------
Step: 251  Time: 0.2510000
Mtx (6x6) | Vector x | Vector b
------------------------------------------
0.000   0.000   0.000   -1.000  -1.000  0.000    | 0.000   | 0.000  
0.000   0.010   -0.010  0.000   0.000   -1.000   | 0.000   | 0.000  
0.000   -0.010  0.010   0.000   0.000   1.000    | 0.000   | 0.000  
-1.000  0.000   0.000   0.000   0.000   0.000    | 0.000   | 0.627  
-1.000  0.000   0.000   0.000   -1000.000 -950.000  | 0.000   | 0.000  
0.000   -1.000  1.000   0.000   -950.000 -1000.000  | 0.000   | -0.549 
Node 0 : 0
Node 1 : -0.626666
Node 2 : -0.0233289
Node 3 : 0
-----------------------------------
Step: 252  Time: 0.2520000
Mtx (6x6) | Vector x | Vector b
------------------------------------------
0.000   0.000   0.000   -1.000  -1.000  0.000    | 0.000   | 0.000  
0.000   0.010   -0.010  0.000   0.000   -1.000   | 0.000   | 0.000  
0.000   -0.010  0.010   0.000   0.000   1.000    | 0.000   | 0.000  
-1.000  0.000   0.000   0.000   0.000   0.000    | 0.000   | 1.243  
-1.000  0.000   0.000   0.000   -1000.000 -950.000  | 0.000   | -0.627 
0.000   -1.000  1.000   0.000   -950.000 -1000.000  | 0.000   | -0.573 
Node 0 : 0
Node 1 : -1.24345
Node 2 : -0.609632
Node 3 : 0
-----------------------------------
Step: 253  Time: 0.2530000
Mtx (6x6) | Vector x | Vector b
------------------------------------------
0.000   0.000   0.000   -1.000  -1.000  0.000    | 0.000   | 0.000  
0.000   0.010   -0.010  0.000   0.000   -1.000   | 0.000   | 0.000  
0.000   -0.010  0.010   0.000   0.000   1.000    | 0.000   | 0.000  
-1.000  0.000   0.000   0.000   0.000   0.000    | 0.000   | 1.841  
-1.000  0.000   0.000   0.000   -1000.000 -950.000  | 0.000   | -1.870 
0.000   -1.000  1.000   0.000   -950.000 -1000.000  | 0.000   | -1.182 
Node 0 : 0
Node 1 : -1.84062
Node 2 : -1.18632
Node 3 : 0
-----------------------------------
Step: 254  Time: 0.2540000
Mtx (6x6) | Vector x | Vector b
------------------------------------------
0.000   0.000   0.000   -1.000  -1.000  0.000    | 0.000   | 0.000  
0.000   0.010   -0.010  0.000   0.000   -1.000   | 0.000   | 0.000  
0.000   -0.010  0.010   0.000   0.000   1.000    | 0.000   | 0.000  
-1.000  0.000   0.000   0.000   0.000   0.000    | 0.000   | 2.409  
-1.000  0.000   0.000   0.000   -1000.000 -950.000  | 0.000   | -3.711 
0.000   -1.000  1.000   0.000   -950.000 -1000.000  | 0.000   | -2.369 
Node 0 : 0
Node 1 : -2.40877
Node 2 : -1.7443
Node 3 : 0
-----------------------------------
Step: 255  Time: 0.2550000
Mtx (6x6) | Vector x | Vector b
------------------------------------------
0.000   0.000   0.000   -1.000  -1.000  0.000    | 0.000   | 0.000  
0.000   0.010   -0.010  0.000   0.000   -1.000   | 0.000   | 0.000  
0.000   -0.010  0.010   0.000   0.000   1.000    | 0.000   | 0.000  
-1.000  0.000   0.000   0.000   0.000   0.000    | 0.000   | 2.939  
-1.000  0.000   0.000   0.000   -1000.000 -950.000  | 0.000   | -6.120 
0.000   -1.000  1.000   0.000   -950.000 -1000.000  | 0.000   | -4.113 
Node 0 : 0
Node 1 : -2.93893
Node 2 : -2.27477
Node 3 : 0
-----------------------------------
Step: 256  Time: 0.2560000
Mtx (6x6) | Vector x | Vector b
------------------------------------------
0.000   0.000   0.000   -1.000  -1.000  0.000    | 0.000   | 0.000  
0.000   0.010   -0.010  0.000   0.000   -1.000   | 0.000   | 0.000  
0.000   -0.010  0.010   0.000   0.000   1.000    | 0.000   | 0.000  
-1.000  0.000   0.000   0.000   0.000   0.000    | 0.000   | 3.423  
-1.000  0.000   0.000   0.000   -1000.000 -950.000  | 0.000   | -9.058 
0.000   -1.000  1.000   0.000   -950.000 -1000.000  | 0.000   | -6.388 
Node 0 : 0
Node 1 : -3.42274
Node 2 : -2.76937
Node 3 : 0
-----------------------------------
Step: 257  Time: 0.2570000
Mtx (6x6) | Vector x | Vector b
------------------------------------------
0.000   0.000   0.000   -1.000  -1.000  0.000    | 0.000   | 0.000  
0.000   0.010   -0.010  0.000   0.000   -1.000   | 0.000   | 0.000  
0.000   -0.010  0.010   0.000   0.000   1.000    | 0.000   | 0.000  
-1.000  0.000   0.000   0.000   0.000   0.000    | 0.000   | 3.853  
-1.000  0.000   0.000   0.000   -1000.000 -950.000  | 0.000   | -12.481
0.000   -1.000  1.000   0.000   -950.000 -1000.000  | 0.000   | -9.157 
Node 0 : 0
Node 1 : -3.85257
Node 2 : -3.22029
Node 3 : 0
-----------------------------------
Step: 258  Time: 0.2580000
Mtx (6x6) | Vector x | Vector b
------------------------------------------
0.000   0.000   0.000   -1.000  -1.000  0.000    | 0.000   | 0.000  
0.000   0.010   -0.010  0.000   0.000   -1.000   | 0.000   | 0.000  
0.000   -0.010  0.010   0.000   0.000   1.000    | 0.000   | 0.000  
-1.000  0.000   0.000   0.000   0.000   0.000    | 0.000   | 4.222  
-1.000  0.000   0.000   0.000   -1000.000 -950.000  | 0.000   | -16.334
0.000   -1.000  1.000   0.000   -950.000 -1000.000  | 0.000   | -12.377
Node 0 : 0
Node 1 : -4.22164
Node 2 : -3.62043
Node 3 : 0
-----------------------------------
Step: 259  Time: 0.2590000
Mtx (6x6) | Vector x | Vector b
------------------------------------------
0.000   0.000   0.000   -1.000  -1.000  0.000    | 0.000   | 0.000  
0.000   0.010   -0.010  0.000   0.000   -1.000   | 0.000   | 0.000  
0.000   -0.010  0.010   0.000   0.000   1.000    | 0.000   | 0.000  
-1.000  0.000   0.000   0.000   0.000   0.000    | 0.000   | 4.524  
-1.000  0.000   0.000   0.000   -1000.000 -950.000  | 0.000   | -20.555
0.000   -1.000  1.000   0.000   -950.000 -1000.000  | 0.000   | -15.998
Node 0 : 0
Node 1 : -4.52414
Node 2 : -3.96346
Node 3 : 0
-----------------------------------
Step: 260  Time: 0.2600000
Mtx (6x6) | Vector x | Vector b
------------------------------------------
0.000   0.000   0.000   -1.000  -1.000  0.000    | 0.000   | 0.000  
0.000   0.010   -0.010  0.000   0.000   -1.000   | 0.000   | 0.000  
0.000   -0.010  0.010   0.000   0.000   1.000    | 0.000   | 0.000  
-1.000  0.000   0.000   0.000   0.000   0.000    | 0.000   | 4.755  
-1.000  0.000   0.000   0.000   -1000.000 -950.000  | 0.000   | -25.080
0.000   -1.000  1.000   0.000   -950.000 -1000.000  | 0.000   | -19.961
Node 0 : 0
Node 1 : -4.75528
Node 2 : -4.244
Node 3 : 0
-----------------------------------
Step: 261  Time: 0.2610000
Mtx (6x6) | Vector x | Vector b
------------------------------------------
0.000   0.000   0.000   -1.000  -1.000  0.000    | 0.000   | 0.000  
0.000   0.010   -0.010  0.000   0.000   -1.000   | 0.000   | 0.000  
0.000   -0.010  0.010   0.000   0.000   1.000    | 0.000   | 0.000  
-1.000  0.000   0.000   0.000   0.000   0.000    | 0.000   | 4.911  
-1.000  0.000   0.000   0.000   -1000.000 -950.000  | 0.000   | -29.835
0.000   -1.000  1.000   0.000   -950.000 -1000.000  | 0.000   | -24.205
Node 0 : 0
Node 1 : -4.91144
Node 2 : -4.4576
Node 3 : 0
-----------------------------------
Step: 262  Time: 0.2620000
Mtx (6x6) | Vector x | Vector b
------------------------------------------
0.000   0.000   0.000   -1.000  -1.000  0.000    | 0.000   | 0.000  
0.000   0.010   -0.010  0.000   0.000   -1.000   | 0.000   | 0.000  
0.000   -0.010  0.010   0.000   0.000   1.000    | 0.000   | 0.000  
-1.000  0.000   0.000   0.000   0.000   0.000    | 0.000   | 4.990  
-1.000  0.000   0.000   0.000   -1000.000 -950.000  | 0.000   | -34.746
0.000   -1.000  1.000   0.000   -950.000 -1000.000  | 0.000   | -28.663
Node 0 : 0
Node 1 : -4.99013
Node 2 : -4.60091
Node 3 : 0
-----------------------------------
Step: 263  Time: 0.2630000
Mtx (6x6) | Vector x | Vector b
------------------------------------------
0.000   0.000   0.000   -1.000  -1.000  0.000    | 0.000   | 0.000  
0.000   0.010   -0.010  0.000   0.000   -1.000   | 0.000   | 0.000  
0.000   -0.010  0.010   0.000   0.000   1.000    | 0.000   | 0.000  
-1.000  0.000   0.000   0.000   0.000   0.000    | 0.000   | 4.990  
-1.000  0.000   0.000   0.000   -1000.000 -950.000  | 0.000   | -39.736
0.000   -1.000  1.000   0.000   -950.000 -1000.000  | 0.000   | -33.264
Node 0 : 0
Node 1 : -4.99013
Node 2 : -4.67165
Node 3 : 0
-----------------------------------
Step: 264  Time: 0.2640000
Mtx (6x6) | Vector x | Vector b
------------------------------------------
0.000   0.000   0.000   -1.000  -1.000  0.000    | 0.000   | 0.000  
0.000   0.010   -0.010  0.000   0.000   -1.000   | 0.000   | 0.000  
0.000   -0.010  0.010   0.000   0.000   1.000    | 0.000   | 0.000  
-1.000  0.000   0.000   0.000   0.000   0.000    | 0.000   | 4.911  
-1.000  0.000   0.000   0.000   -1000.000 -950.000  | 0.000   | -44.726
0.000   -1.000  1.000   0.000   -950.000 -1000.000  | 0.000   | -37.935
Node 0 : 0
Node 1 : -4.91144
Node 2 : -4.66872
Node 3 : 0
-----------------------------------
Step: 265  Time: 0.2650000
Mtx (6x6) | Vector x | Vector b
------------------------------------------
0.000   0.000   0.000   -1.000  -1.000  0.000    | 0.000   | 0.000  
0.000   0.010   -0.010  0.000   0.000   -1.000   | 0.000   | 0.000  
0.000   -0.010  0.010   0.000   0.000   1.000    | 0.000   | 0.000  
-1.000  0.000   0.000   0.000   0.000   0.000    | 0.000   | 4.755  
-1.000  0.000   0.000   0.000   -1000.000 -950.000  | 0.000   | -49.638
0.000   -1.000  1.000   0.000   -950.000 -1000.000  | 0.000   | -42.604
Node 0 : 0
Node 1 : -4.75528
Node 2 : -4.59216
Node 3 : 0
-----------------------------------
Step: 266  Time: 0.2660000
Mtx (6x6) | Vector x | Vector b
------------------------------------------
0.000   0.000   0.000   -1.000  -1.000  0.000    | 0.000   | 0.000  
0.000   0.010   -0.010  0.000   0.000   -1.000   | 0.000   | 0.000  
0.000   -0.010  0.010   0.000   0.000   1.000    | 0.000   | 0.000  
-1.000  0.000   0.000   0.000   0.000   0.000    | 0.000   | 4.524  
-1.000  0.000   0.000   0.000   -1000.000 -950.000  | 0.000   | -54.393
0.000   -1.000  1.000   0.000   -950.000 -1000.000  | 0.000   | -47.196
Node 0 : 0
Node 1 : -4.52414
Node 2 : -4.44318
Node 3 : 0
-----------------------------------
Step: 267  Time: 0.2670000
Mtx (6x6) | Vector x | Vector b
------------------------------------------
0.000   0.000   0.000   -1.000  -1.000  0.000    | 0.000   | 0.000  
0.000   0.010   -0.010  0.000   0.000   -1.000   | 0.000   | 0.000  
0.000   -0.010  0.010   0.000   0.000   1.000    | 0.000   | 0.000  
-1.000  0.000   0.000   0.000   0.000   0.000    | 0.000   | 4.222  
-1.000  0.000   0.000   0.000   -1000.000 -950.000  | 0.000   | -58.917
0.000   -1.000  1.000   0.000   -950.000 -1000.000  | 0.000   | -51.639
Node 0 : 0
Node 1 : -4.22164
Node 2 : -4.22413
Node 3 : 0
-----------------------------------
Step: 268  Time: 0.2680000
Mtx (6x6) | Vector x | Vector b
------------------------------------------
0.000   0.000   0.000   -1.000  -1.000  0.000    | 0.000   | 0.000  
0.000   0.010   -0.010  0.000   0.000   -1.000   | 0.000   | 0.000  
0.000   -0.010  0.010   0.000   0.000   1.000    | 0.000   | 0.000  
-1.000  0.000   0.000   0.000   0.000   0.000    | 0.000   | 3.853  
-1.000  0.000   0.000   0.000   -1000.000 -950.000  | 0.000   | -63.139
0.000   -1.000  1.000   0.000   -950.000 -1000.000  | 0.000   | -55.864
Node 0 : 0
Node 1 : -3.85257
Node 2 : -3.93846
Node 3 : 0
-----------------------------------
Step: 269  Time: 0.2690000
Mtx (6x6) | Vector x | Vector b
------------------------------------------
0.000   0.000   0.000   -1.000  -1.000  0.000    | 0.000   | 0.000  
0.000   0.010   -0.010  0.000   0.000   -1.000   | 0.000   | 0.000  
0.000   -0.010  0.010   0.000   0.000   1.000    | 0.000   | 0.000  
-1.000  0.000   0.000   0.000   0.000   0.000    | 0.000   | 3.423  
-1.000  0.000   0.000   0.000   -1000.000 -950.000  | 0.000   | -66.992
0.000   -1.000  1.000   0.000   -950.000 -1000.000  | 0.000   | -59.802
Node 0 : 0
Node 1 : -3.42274
Node 2 : -3.59068
Node 3 : 0
-----------------------------------
Step: 270  Time: 0.2700000
Mtx (6x6) | Vector x | Vector b
------------------------------------------
0.000   0.000   0.000   -1.000  -1.000  0.000    | 0.000   | 0.000  
0.000   0.010   -0.010  0.000   0.000   -1.000   | 0.000   | 0.000  
0.000   -0.010  0.010   0.000   0.000   1.000    | 0.000   | 0.000  
-1.000  0.000   0.000   0.000   0.000   0.000    | 0.000   | 2.939  
-1.000  0.000   0.000   0.000   -1000.000 -950.000  | 0.000   | -70.414
0.000   -1.000  1.000   0.000   -950.000 -1000.000  | 0.000   | -63.393
Node 0 : 0
Node 1 : -2.93893
Node 2 : -3.18628
Node 3 : 0
-----------------------------------
Step: 271  Time: 0.2710000
Mtx (6x6) | Vector x | Vector b
------------------------------------------
0.000   0.000   0.000   -1.000  -1.000  0.000    | 0.000   | 0.000  
0.000   0.010   -0.010  0.000   0.000   -1.000   | 0.000   | 0.000  
0.000   -0.010  0.010   0.000   0.000   1.000    | 0.000   | 0.000  
-1.000  0.000   0.000   0.000   0.000   0.000    | 0.000   | 2.409  
-1.000  0.000   0.000   0.000   -1000.000 -950.000  | 0.000   | -73.353
0.000   -1.000  1.000   0.000   -950.000 -1000.000  | 0.000   | -66.579
Node 0 : 0
Node 1 : -2.40877
Node 2 : -2.73162
Node 3 : 0
-----------------------------------
Step: 272  Time: 0.2720000
Mtx (6x6) | Vector x | Vector b
------------------------------------------
0.000   0.000   0.000   -1.000  -1.000  0.000    | 0.000   | 0.000  
0.000   0.010   -0.010  0.000   0.000   -1.000   | 0.000   | 0.000  
0.000   -0.010  0.010   0.000   0.000   1.000    | 0.000   | 0.000  
-1.000  0.000   0.000   0.000   0.000   0.000    | 0.000   | 1.841  
-1.000  0.000   0.000   0.000   -1000.000 -950.000  | 0.000   | -75.762
0.000   -1.000  1.000   0.000   -950.000 -1000.000  | 0.000   | -69.311
Node 0 : 0
Node 1 : -1.84062
Node 2 : -2.23388
Node 3 : 0
-----------------------------------
Step: 273  Time: 0.2730000
Mtx (6x6) | Vector x | Vector b
------------------------------------------
0.000   0.000   0.000   -1.000  -1.000  0.000    | 0.000   | 0.000  
0.000   0.010   -0.010  0.000   0.000   -1.000   | 0.000   | 0.000  
0.000   -0.010  0.010   0.000   0.000   1.000    | 0.000   | 0.000  
-1.000  0.000   0.000   0.000   0.000   0.000    | 0.000   | 1.243  
-1.000  0.000   0.000   0.000   -1000.000 -950.000  | 0.000   | -77.603
0.000   -1.000  1.000   0.000   -950.000 -1000.000  | 0.000   | -71.544
Node 0 : 0
Node 1 : -1.24345
Node 2 : -1.70092
Node 3 : 0
-----------------------------------
Step: 274  Time: 0.2740000
Mtx (6x6) | Vector x | Vector b
------------------------------------------
0.000   0.000   0.000   -1.000  -1.000  0.000    | 0.000   | 0.000  
0.000   0.010   -0.010  0.000   0.000   -1.000   | 0.000   | 0.000  
0.000   -0.010  0.010   0.000   0.000   1.000    | 0.000   | 0.000  
-1.000  0.000   0.000   0.000   0.000   0.000    | 0.000   | 0.627  
-1.000  0.000   0.000   0.000   -1000.000 -950.000  | 0.000   | -78.846
0.000   -1.000  1.000   0.000   -950.000 -1000.000  | 0.000   | -73.245
Node 0 : 0
Node 1 : -0.626666
Node 2 : -1.14113
Node 3 : 0
-----------------------------------
Step: 275  Time: 0.2750000
Mtx (6x6) | Vector x | Vector b
------------------------------------------
0.000   0.000   0.000   -1.000  -1.000  0.000    | 0.000   | 0.000  
0.000   0.010   -0.010  0.000   0.000   -1.000   | 0.000   | 0.000  
0.000   -0.010  0.010   0.000   0.000   1.000    | 0.000   | 0.000  
-1.000  0.000   0.000   0.000   0.000   0.000    | 0.000   | -0.000 
-1.000  0.000   0.000   0.000   -1000.000 -950.000  | 0.000   | -79.473
0.000   -1.000  1.000   0.000   -950.000 -1000.000  | 0.000   | -74.386
Node 0 : 0
Node 1 : 0
Node 2 : -0.563342
Node 3 : 0
-----------------------------------
Step: 276  Time: 0.2760000
Mtx (6x6) | Vector x | Vector b
------------------------------------------
0.000   0.000   0.000   -1.000  -1.000  0.000    | 0.000   | 0.000  
0.000   0.010   -0.010  0.000   0.000   -1.000   | 0.000   | 0.000  
0.000   -0.010  0.010   0.000   0.000   1.000    | 0.000   | 0.000  
-1.000  0.000   0.000   0.000   0.000   0.000    | 0.000   | -0.627 
-1.000  0.000   0.000   0.000   -1000.000 -950.000  | 0.000   | -79.473
0.000   -1.000  1.000   0.000   -950.000 -1000.000  | 0.000   | -74.950
Node 0 : 0
Node 1 : 0.626666
Node 2 : 0.0233289
Node 3 : 0
-----------------------------------
Step: 277  Time: 0.2770000
Mtx (6x6) | Vector x | Vector b
------------------------------------------
0.000   0.000   0.000   -1.000  -1.000  0.000    | 0.000   | 0.000  
0.000   0.010   -0.010  0.000   0.000   -1.000   | 0.000   | 0.000  
0.000   -0.010  0.010   0.000   0.000   1.000    | 0.000   | 0.000  
-1.000  0.000   0.000   0.000   0.000   0.000    | 0.000   | -1.243 
-1.000  0.000   0.000   0.000   -1000.000 -950.000  | 0.000   | -78.846
0.000   -1.000  1.000   0.000   -950.000 -1000.000  | 0.000   | -74.927
Node 0 : 0
Node 1 : 1.24345
Node 2 : 0.609632
Node 3 : 0
-----------------------------------
Step: 278  Time: 0.2780000
Mtx (6x6) | Vector x | Vector b
------------------------------------------
0.000   0.000   0.000   -1.000  -1.000  0.000    | 0.000   | 0.000  
0.000   0.010   -0.010  0.000   0.000   -1.000   | 0.000   | 0.000  
0.000   -0.010  0.010   0.000   0.000   1.000    | 0.000   | 0.000  
-1.000  0.000   0.000   0.000   0.000   0.000    | 0.000   | -1.841 
-1.000  0.000   0.000   0.000   -1000.000 -950.000  | 0.000   | -77.603
0.000   -1.000  1.000   0.000   -950.000 -1000.000  | 0.000   | -74.317
Node 0 : 0
Node 1 : 1.84062
Node 2 : 1.18632
Node 3 : 0
-----------------------------------
Step: 279  Time: 0.2790000
Mtx (6x6) | Vector x | Vector b
------------------------------------------
0.000   0.000   0.000   -1.000  -1.000  0.000    | 0.000   | 0.000  
0.000   0.010   -0.010  0.000   0.000   -1.000   | 0.000   | 0.000  
0.000   -0.010  0.010   0.000   0.000   1.000    | 0.000   | 0.000  
-1.000  0.000   0.000   0.000   0.000   0.000    | 0.000   | -2.409 
-1.000  0.000   0.000   0.000   -1000.000 -950.000  | 0.000   | -75.762
0.000   -1.000  1.000   0.000   -950.000 -1000.000  | 0.000   | -73.131
Node 0 : 0
Node 1 : 2.40877
Node 2 : 1.7443
Node 3 : 0
-----------------------------------
Step: 280  Time: 0.2800000
Mtx (6x6) | Vector x | Vector b
------------------------------------------
0.000   0.000   0.000   -1.000  -1.000  0.000    | 0.000   | 0.000  
0.000   0.010   -0.010  0.000   0.000   -1.000   | 0.000   | 0.000  
0.000   -0.010  0.010   0.000   0.000   1.000    | 0.000   | 0.000  
-1.000  0.000   0.000   0.000   0.000   0.000    | 0.000   | -2.939 
-1.000  0.000   0.000   0.000   -1000.000 -950.000  | 0.000   | -73.353
0.000   -1.000  1.000   0.000   -950.000 -1000.000  | 0.000   | -71.386
Node 0 : 0
Node 1 : 2.93893
Node 2 : 2.27477
Node 3 : 0
-----------------------------------
Step: 281  Time: 0.2810000
Mtx (6x6) | Vector x | Vector b
------------------------------------------
0.000   0.000   0.000   -1.000  -1.000  0.000    | 0.000   | 0.000  
0.000   0.010   -0.010  0.000   0.000   -1.000   | 0.000   | 0.000  
0.000   -0.010  0.010   0.000   0.000   1.000    | 0.000   | 0.000  
-1.000  0.000   0.000   0.000   0.000   0.000    | 0.000   | -3.423 
-1.000  0.000   0.000   0.000   -1000.000 -950.000  | 0.000   | -70.414
0.000   -1.000  1.000   0.000   -950.000 -1000.000  | 0.000   | -69.111
Node 0 : 0
Node 1 : 3.42274
Node 2 : 2.76937
Node 3 : 0
-----------------------------------
Step: 282  Time: 0.2820000
Mtx (6x6) | Vector x | Vector b
------------------------------------------
0.000   0.000   0.000   -1.000  -1.000  0.000    | 0.000   | 0.000  
0.000   0.010   -0.010  0.000   0.000   -1.000   | 0.000   | 0.000  
0.000   -0.010  0.010   0.000   0.000   1.000    | 0.000   | 0.000  
-1.000  0.000   0.000   0.000   0.000   0.000    | 0.000   | -3.853 
-1.000  0.000   0.000   0.000   -1000.000 -950.000  | 0.000   | -66.992
0.000   -1.000  1.000   0.000   -950.000 -1000.000  | 0.000   | -66.342
Node 0 : 0
Node 1 : 3.85257
Node 2 : 3.22029
Node 3 : 0
-----------------------------------
Step: 283  Time: 0.2830000
Mtx (6x6) | Vector x | Vector b
------------------------------------------
0.000   0.000   0.000   -1.000  -1.000  0.000    | 0.000   | 0.000  
0.000   0.010   -0.010  0.000   0.000   -1.000   | 0.000   | 0.000  
0.000   -0.010  0.010   0.000   0.000   1.000    | 0.000   | 0.000  
-1.000  0.000   0.000   0.000   0.000   0.000    | 0.000   | -4.222 
-1.000  0.000   0.000   0.000   -1000.000 -950.000  | 0.000   | -63.139
0.000   -1.000  1.000   0.000   -950.000 -1000.000  | 0.000   | -63.122
Node 0 : 0
Node 1 : 4.22164
Node 2 : 3.62043
Node 3 : 0
-----------------------------------
Step: 284  Time: 0.2840000
Mtx (6x6) | Vector x | Vector b
------------------------------------------
0.000   0.000   0.000   -1.000  -1.000  0.000    | 0.000   | 0.000  
0.000   0.010   -0.010  0.000   0.000   -1.000   | 0.000   | 0.000  
0.000   -0.010  0.010   0.000   0.000   1.000    | 0.000   | 0.000  
-1.000  0.000   0.000   0.000   0.000   0.000    | 0.000   | -4.524 
-1.000  0.000   0.000   0.000   -1000.000 -950.000  | 0.000   | -58.917
0.000   -1.000  1.000   0.000   -950.000 -1000.000  | 0.000   | -59.501
Node 0 : 0
Node 1 : 4.52414
Node 2 : 3.96346
Node 3 : 0
-----------------------------------
Step: 285  Time: 0.2850000
Mtx (6x6) | Vector x | Vector b
------------------------------------------
0.000   0.000   0.000   -1.000  -1.000  0.000    | 0.000   | 0.000  
0.000   0.010   -0.010  0.000   0.000   -1.000   | 0.000   | 0.000  
0.000   -0.010  0.010   0.000   0.000   1.000    | 0.000   | 0.000  
-1.000  0.000   0.000   0.000   0.000   0.000    | 0.000   | -4.755 
-1.000  0.000   0.000   0.000   -1000.000 -950.000  | 0.000   | -54.393
0.000   -1.000  1.000   0.000   -950.000 -1000.000  | 0.000   | -55.538
Node 0 : 0
Node 1 : 4.75528
Node 2 : 4.244
Node 3 : 0
-----------------------------------
Step: 286  Time: 0.2860000
Mtx (6x6) | Vector x | Vector b
------------------------------------------
0.000   0.000   0.000   -1.000  -1.000  0.000    | 0.000   | 0.000  
0.000   0.010   -0.010  0.000   0.000   -1.000   | 0.000   | 0.000  
0.000   -0.010  0.010   0.000   0.000   1.000    | 0.000   | 0.000  
-1.000  0.000   0.000   0.000   0.000   0.000    | 0.000   | -4.911 
-1.000  0.000   0.000   0.000   -1000.000 -950.000  | 0.000   | -49.638
0.000   -1.000  1.000   0.000   -950.000 -1000.000  | 0.000   | -51.294
Node 0 : 0
Node 1 : 4.91144
Node 2 : 4.4576
Node 3 : 0
-----------------------------------
Step: 287  Time: 0.2870000
Mtx (6x6) | Vector x | Vector b
------------------------------------------
0.000   0.000   0.000   -1.000  -1.000  0.000    | 0.000   | 0.000  
0.000   0.010   -0.010  0.000   0.000   -1.000   | 0.000   | 0.000  
0.000   -0.010  0.010   0.000   0.000   1.000    | 0.000   | 0.000  
-1.000  0.000   0.000   0.000   0.000   0.000    | 0.000   | -4.990 
-1.000  0.000   0.000   0.000   -1000.000 -950.000  | 0.000   | -44.726
0.000   -1.000  1.000   0.000   -950.000 -1000.000  | 0.000   | -46.836
Node 0 : 0
Node 1 : 4.99013
Node 2 : 4.60091
Node 3 : 0
-----------------------------------
Step: 288  Time: 0.2880000
Mtx (6x6) | Vector x | Vector b
------------------------------------------
0.000   0.000   0.000   -1.000  -1.000  0.000    | 0.000   | 0.000  
0.000   0.010   -0.010  0.000   0.000   -1.000   | 0.000   | 0.000  
0.000   -0.010  0.010   0.000   0.000   1.000    | 0.000   | 0.000  
-1.000  0.000   0.000   0.000   0.000   0.000    | 0.000   | -4.990 
-1.000  0.000   0.000   0.000   -1000.000 -950.000  | 0.000   | -39.736
0.000   -1.000  1.000   0.000   -950.000 -1000.000  | 0.000   | -42.235
Node 0 : 0
Node 1 : 4.99013
Node 2 : 4.67165
Node 3 : 0
-----------------------------------
Step: 289  Time: 0.2890000
Mtx (6x6) | Vector x | Vector b
------------------------------------------
0.000   0.000   0.000   -1.000  -1.000  0.000    | 0.000   | 0.000  
0.000   0.010   -0.010  0.000   0.000   -1.000   | 0.000   | 0.000  
0.000   -0.010  0.010   0.000   0.000   1.000    | 0.000   | 0.000  
-1.000  0.000   0.000   0.000   0.000   0.000    | 0.000   | -4.911 
-1.000  0.000   0.000   0.000   -1000.000 -950.000  | 0.000   | -34.746
0.000   -1.000  1.000   0.000   -950.000 -1000.000  | 0.000   | -37.564
Node 0 : 0
Node 1 : 4.91144
Node 2 : 4.66872
Node 3 : 0
-----------------------------------
Step: 290  Time: 0.2900000
Mtx (6x6) | Vector x | Vector b
------------------------------------------
0.000   0.000   0.000   -1.000  -1.000  0.000    | 0.000   | 0.000  
0.000   0.010   -0.010  0.000   0.000   -1.000   | 0.000   | 0.000  
0.000   -0.010  0.010   0.000   0.000   1.000    | 0.000   | 0.000  
-1.000  0.000   0.000   0.000   0.000   0.000    | 0.000   | -4.755 
-1.000  0.000   0.000   0.000   -1000.000 -950.000  | 0.000   | -29.835
0.000   -1.000  1.000   0.000   -950.000 -1000.000  | 0.000   | -32.895
Node 0 : 0
Node 1 : 4.75528
Node 2 : 4.59216
Node 3 : 0
-----------------------------------
Step: 291  Time: 0.2910000
Mtx (6x6) | Vector x | Vector b
------------------------------------------
0.000   0.000   0.000   -1.000  -1.000  0.000    | 0.000   | 0.000  
0.000   0.010   -0.010  0.000   0.000   -1.000   | 0.000   | 0.000  
0.000   -0.010  0.010   0.000   0.000   1.000    | 0.000   | 0.000  
-1.000  0.000   0.000   0.000   0.000   0.000    | 0.000   | -4.524 
-1.000  0.000   0.000   0.000   -1000.000 -950.000  | 0.000   | -25.080
0.000   -1.000  1.000   0.000   -950.000 -1000.000  | 0.000   | -28.303
Node 0 : 0
Node 1 : 4.52414
Node 2 : 4.44318
Node 3 : 0
-----------------------------------
Step: 292  Time: 0.2920000
Mtx (6x6) | Vector x | Vector b
------------------------------------------
0.000   0.000   0.000   -1.000  -1.000  0.000    | 0.000   | 0.000  
0.000   0.010   -0.010  0.000   0.000   -1.000   | 0.000   | 0.000  
0.000   -0.010  0.010   0.000   0.000   1.000    | 0.000   | 0.000  
-1.000  0.000   0.000   0.000   0.000   0.000    | 0.000   | -4.222 
-1.000  0.000   0.000   0.000   -1000.000 -950.000  | 0.000   | -20.555
0.000   -1.000  1.000   0.000   -950.000 -1000.000  | 0.000   | -23.860
Node 0 : 0
Node 1 : 4.22164
Node 2 : 4.22413
Node 3 : 0
-----------------------------------
Step: 293  Time: 0.2930000
Mtx (6x6) | Vector x | Vector b
------------------------------------------
0.000   0.000   0.000   -1.000  -1.000  0.000    | 0.000   | 0.000  
0.000   0.010   -0.010  0.000   0.000   -1.000   | 0.000   | 0.000  
0.000   -0.010  0.010   0.000   0.000   1.000    | 0.000   | 0.000  
-1.000  0.000   0.000   0.000   0.000   0.000    | 0.000   | -3.853 
-1.000  0.000   0.000   0.000   -1000.000 -950.000  | 0.000   | -16.334
0.000   -1.000  1.000   0.000   -950.000 -1000.000  | 0.000   | -19.636
Node 0 : 0
Node 1 : 3.85257
Node 2 : 3.93846
Node 3 : 0
-----------------------------------
Step: 294  Time: 0.2940000
Mtx (6x6) | Vector x | Vector b
------------------------------------------
0.000   0.000   0.000   -1.000  -1.000  0.000    | 0.000   | 0.000  
0.000   0.010   -0.010  0.000   0.000   -1.000   | 0.000   | 0.000  
0.000   -0.010  0.010   0.000   0.000   1.000    | 0.000   | 0.000  
-1.000  0.000   0.000   0.000   0.000   0.000    | 0.000   | -3.423 
-1.000  0.000   0.000   0.000   -1000.000 -950.000  | 0.000   | -12.481
0.000   -1.000  1.000   0.000   -950.000 -1000.000  | 0.000   | -15.697
Node 0 : 0
Node 1 : 3.42274
Node 2 : 3.59068
Node 3 : 0
-----------------------------------
Step: 295  Time: 0.2950000
Mtx (6x6) | Vector x | Vector b
------------------------------------------
0.000   0.000   0.000   -1.000  -1.000  0.000    | 0.000   | 0.000  
0.000   0.010   -0.010  0.000   0.000   -1.000   | 0.000   | 0.000  
0.000   -0.010  0.010   0.000   0.000   1.000    | 0.000   | 0.000  
-1.000  0.000   0.000   0.000   0.000   0.000    | 0.000   | -2.939 
-1.000  0.000   0.000   0.000   -1000.000 -950.000  | 0.000   | -9.058 
0.000   -1.000  1.000   0.000   -950.000 -1000.000  | 0.000   | -12.106
Node 0 : 0
Node 1 : 2.93893
Node 2 : 3.18628
Node 3 : 0
-----------------------------------
Step: 296  Time: 0.2960000
Mtx (6x6) | Vector x | Vector b
------------------------------------------
0.000   0.000   0.000   -1.000  -1.000  0.000    | 0.000   | 0.000  
0.000   0.010   -0.010  0.000   0.000   -1.000   | 0.000   | 0.000  
0.000   -0.010  0.010   0.000   0.000   1.000    | 0.000   | 0.000  
-1.000  0.000   0.000   0.000   0.000   0.000    | 0.000   | -2.409 
-1.000  0.000   0.000   0.000   -1000.000 -950.000  | 0.000   | -6.120 
0.000   -1.000  1.000   0.000   -950.000 -1000.000  | 0.000   | -8.920 
Node 0 : 0
Node 1 : 2.40877
Node 2 : 2.73162
Node 3 : 0
-----------------------------------
Step: 297  Time: 0.2970000
Mtx (6x6) | Vector x | Vector b
------------------------------------------
0.000   0.000   0.000   -1.000  -1.000  0.000    | 0.000   | 0.000  
0.000   0.010   -0.010  0.000   0.000   -1.000   | 0.000   | 0.000  
0.000   -0.010  0.010   0.000   0.000   1.000    | 0.000   | 0.000  
-1.000  0.000   0.000   0.000   0.000   0.000    | 0.000   | -1.841 
-1.000  0.000   0.000   0.000   -1000.000 -950.000  | 0.000   | -3.711 
0.000   -1.000  1.000   0.000   -950.000 -1000.000  | 0.000   | -6.189 
Node 0 : 0
Node 1 : 1.84062
Node 2 : 2.23388
Node 3 : 0
-----------------------------------
Step: 298  Time: 0.2980000
Mtx (6x6) | Vector x | Vector b
------------------------------------------
0.000   0.000   0.000   -1.000  -1.000  0.000    | 0.000   | 0.000  
0.000   0.010   -0.010  0.000   0.000   -1.000   | 0.000   | 0.000  
0.000   -0.010  0.010   0.000   0.000   1.000    | 0.000   | 0.000  
-1.000  0.000   0.000   0.000   0.000   0.000    | 0.000   | -1.243 
-1.000  0.000   0.000   0.000   -1000.000 -950.000  | 0.000   | -1.870 
0.000   -1.000  1.000   0.000   -950.000 -1000.000  | 0.000   | -3.955 
Node 0 : 0
Node 1 : 1.24345
Node 2 : 1.70092
Node 3 : 0
-----------------------------------
Step: 299  Time: 0.2990000
Mtx (6x6) | Vector x | Vector b
------------------------------------------
0.000   0.000   0.000   -1.000  -1.000  0.000    | 0.000   | 0.000  
0.000   0.010   -0.010  0.000   0.000   -1.000   | 0.000   | 0.000  
0.000   -0.010  0.010   0.000   0.000   1.000    | 0.000   | 0.000  
-1.000  0.000   0.000   0.000   0.000   0.000    | 0.000   | -0.627 
-1.000  0.000   0.000   0.000   -1000.000 -950.000  | 0.000   | -0.627 
0.000   -1.000  1.000   0.000   -950.000 -1000.000  | 0.000   | -2.254 
Node 0 : 0
Node 1 : 0.626666
Node 2 : 1.14113
Node 3 : 0
-----------------------------------
Step: 300  Time: 0.3000000
Mtx (6x6) | Vector x | Vector b
------------------------------------------
0.000   0.000   0.000   -1.000  -1.000  0.000    | 0.000   | 0.000  
0.000   0.010   -0.010  0.000   0.000   -1.000   | 0.000   | 0.000  
0.000   -0.010  0.010   0.000   0.000   1.000    | 0.000   | 0.000  
-1.000  0.000   0.000   0.000   0.000   0.000    | 0.000   | 0.000  
-1.000  0.000   0.000   0.000   -1000.000 -950.000  | 0.000   | 0.000  
0.000   -1.000  1.000   0.000   -950.000 -1000.000  | 0.000   | -1.113 
Node 0 : 0
Node 1 : 0
Node 2 : 0.563342
Node 3 : 0
-----------------------------------
Step: 301  Time: 0.3010000
Mtx (6x6) | Vector x | Vector b
------------------------------------------
0.000   0.000   0.000   -1.000  -1.000  0.000    | 0.000   | 0.000  
0.000   0.010   -0.010  0.000   0.000   -1.000   | 0.000   | 0.000  
0.000   -0.010  0.010   0.000   0.000   1.000    | 0.000   | 0.000  
-1.000  0.000   0.000   0.000   0.000   0.000    | 0.000   | 0.627  
-1.000  0.000   0.000   0.000   -1000.000 -950.000  | 0.000   | 0.000  
0.000   -1.000  1.000   0.000   -950.000 -1000.000  | 0.000   | -0.549 
Node 0 : 0
Node 1 : -0.626666
Node 2 : -0.0233289
Node 3 : 0
-----------------------------------
Step: 302  Time: 0.3020000
Mtx (6x6) | Vector x | Vector b
------------------------------------------
0.000   0.000   0.000   -1.000  -1.000  0.000    | 0.000   | 0.000  
0.000   0.010   -0.010  0.000   0.000   -1.000   | 0.000   | 0.000  
0.000   -0.010  0.010   0.000   0.000   1.000    | 0.000   | 0.000  
-1.000  0.000   0.000   0.000   0.000   0.000    | 0.000   | 1.243  
-1.000  0.000   0.000   0.000   -1000.000 -950.000  | 0.000   | -0.627 
0.000   -1.000  1.000   0.000   -950.000 -1000.000  | 0.000   | -0.573 
Node 0 : 0
Node 1 : -1.24345
Node 2 : -0.609632
Node 3 : 0
-----------------------------------
Step: 303  Time: 0.3030000
Mtx (6x6) | Vector x | Vector b
------------------------------------------
0.000   0.000   0.000   -1.000  -1.000  0.000    | 0.000   | 0.000  
0.000   0.010   -0.010  0.000   0.000   -1.000   | 0.000   | 0.000  
0.000   -0.010  0.010   0.000   0.000   1.000    | 0.000   | 0.000  
-1.000  0.000   0.000   0.000   0.000   0.000    | 0.000   | 1.841  
-1.000  0.000   0.000   0.000   -1000.000 -950.000  | 0.000   | -1.870 
0.000   -1.000  1.000   0.000   -950.000 -1000.000  | 0.000   | -1.182 
Node 0 : 0
Node 1 : -1.84062
Node 2 : -1.18632
Node 3 : 0
-----------------------------------
Step: 304  Time: 0.3040000
Mtx (6x6) | Vector x | Vector b
------------------------------------------
0.000   0.000   0.000   -1.000  -1.000  0.000    | 0.000   | 0.000  
0.000   0.010   -0.010  0.000   0.000   -1.000   | 0.000   | 0.000  
0.000   -0.010  0.010   0.000   0.000   1.000    | 0.000   | 0.000  
-1.000  0.000   0.000   0.000   0.000   0.000    | 0.000   | 2.409  
-1.000  0.000   0.000   0.000   -1000.000 -950.000  | 0.000   | -3.711 
0.000   -1.000  1.000   0.000   -950.000 -1000.000  | 0.000   | -2.369 
Node 0 : 0
Node 1 : -2.40877
Node 2 : -1.7443
Node 3 : 0
-----------------------------------
Step: 305  Time: 0.3050000
Mtx (6x6) | Vector x | Vector b
------------------------------------------
0.000   0.000   0.000   -1.000  -1.000  0.000    | 0.000   | 0.000  
0.000   0.010   -0.010  0.000   0.000   -1.000   | 0.000   | 0.000  
0.000   -0.010  0.010   0.000   0.000   1.000    | 0.000   | 0.000  
-1.000  0.000   0.000   0.000   0.000   0.000    | 0.000   | 2.939  
-1.000  0.000   0.000   0.000   -1000.000 -950.000  | 0.000   | -6.120 
0.000   -1.000  1.000   0.000   -950.000 -1000.000  | 0.000   | -4.113 
Node 0 : 0
Node 1 : -2.93893
Node 2 : -2.27477
Node 3 : 0
-----------------------------------
Step: 306  Time: 0.3060000
Mtx (6x6) | Vector x | Vector b
------------------------------------------
0.000   0.000   0.000   -1.000  -1.000  0.000    | 0.000   | 0.000  
0.000   0.010   -0.010  0.000   0.000   -1.000   | 0.000   | 0.000  
0.000   -0.010  0.010   0.000   0.000   1.000    | 0.000   | 0.000  
-1.000  0.000   0.000   0.000   0.000   0.000    | 0.000   | 3.423  
-1.000  0.000   0.000   0.000   -1000.000 -950.000  | 0.000   | -9.058 
0.000   -1.000  1.000   0.000   -950.000 -1000.000  | 0.000   | -6.388 
Node 0 : 0
Node 1 : -3.42274
Node 2 : -2.76937
Node 3 : 0
-----------------------------------
Step: 307  Time: 0.3070000
Mtx (6x6) | Vector x | Vector b
------------------------------------------
0.000   0.000   0.000   -1.000  -1.000  0.000    | 0.000   | 0.000  
0.000   0.010   -0.010  0.000   0.000   -1.000   | 0.000   | 0.000  
0.000   -0.010  0.010   0.000   0.000   1.000    | 0.000   | 0.000  
-1.000  0.000   0.000   0.000   0.000   0.000    | 0.000   | 3.853  
-1.000  0.000   0.000   0.000   -1000.000 -950.000  | 0.000   | -12.481
0.000   -1.000  1.000   0.000   -950.000 -1000.000  | 0.000   | -9.157 
Node 0 : 0
Node 1 : -3.85257
Node 2 : -3.22029
Node 3 : 0
-----------------------------------
Step: 308  Time: 0.3080000
Mtx (6x6) | Vector x | Vector b
------------------------------------------
0.000   0.000   0.000   -1.000  -1.000  0.000    | 0.000   | 0.000  
0.000   0.010   -0.010  0.000   0.000   -1.000   | 0.000   | 0.000  
0.000   -0.010  0.010   0.000   0.000   1.000    | 0.000   | 0.000  
-1.000  0.000   0.000   0.000   0.000   0.000    | 0.000   | 4.222  
-1.000  0.000   0.000   0.000   -1000.000 -950.000  | 0.000   | -16.334
0.000   -1.000  1.000   0.000   -950.000 -1000.000  | 0.000   | -12.377
Node 0 : 0
Node 1 : -4.22164
Node 2 : -3.62043
Node 3 : 0
-----------------------------------
Step: 309  Time: 0.3090000
Mtx (6x6) | Vector x | Vector b
------------------------------------------
0.000   0.000   0.000   -1.000  -1.000  0.000    | 0.000   | 0.000  
0.000   0.010   -0.010  0.000   0.000   -1.000   | 0.000   | 0.000  
0.000   -0.010  0.010   0.000   0.000   1.000    | 0.000   | 0.000  
-1.000  0.000   0.000   0.000   0.000   0.000    | 0.000   | 4.524  
-1.000  0.000   0.000   0.000   -1000.000 -950.000  | 0.000   | -20.555
0.000   -1.000  1.000   0.000   -950.000 -1000.000  | 0.000   | -15.998
Node 0 : 0
Node 1 : -4.52414
Node 2 : -3.96346
Node 3 : 0
-----------------------------------
Step: 310  Time: 0.3100000
Mtx (6x6) | Vector x | Vector b
------------------------------------------
0.000   0.000   0.000   -1.000  -1.000  0.000    | 0.000   | 0.000  
0.000   0.010   -0.010  0.000   0.000   -1.000   | 0.000   | 0.000  
0.000   -0.010  0.010   0.000   0.000   1.000    | 0.000   | 0.000  
-1.000  0.000   0.000   0.000   0.000   0.000    | 0.000   | 4.755  
-1.000  0.000   0.000   0.000   -1000.000 -950.000  | 0.000   | -25.080
0.000   -1.000  1.000   0.000   -950.000 -1000.000  | 0.000   | -19.961
Node 0 : 0
Node 1 : -4.75528
Node 2 : -4.244
Node 3 : 0
-----------------------------------
Step: 311  Time: 0.3110000
Mtx (6x6) | Vector x | Vector b
------------------------------------------
0.000   0.000   0.000   -1.000  -1.000  0.000    | 0.000   | 0.000  
0.000   0.010   -0.010  0.000   0.000   -1.000   | 0.000   | 0.000  
0.000   -0.010  0.010   0.000   0.000   1.000    | 0.000   | 0.000  
-1.000  0.000   0.000   0.000   0.000   0.000    | 0.000   | 4.911  
-1.000  0.000   0.000   0.000   -1000.000 -950.000  | 0.000   | -29.835
0.000   -1.000  1.000   0.000   -950.000 -1000.000  | 0.000   | -24.205
Node 0 : 0
Node 1 : -4.91144
Node 2 : -4.4576
Node 3 : 0
-----------------------------------
Step: 312  Time: 0.3120000
Mtx (6x6) | Vector x | Vector b
------------------------------------------
0.000   0.000   0.000   -1.000  -1.000  0.000    | 0.000   | 0.000  
0.000   0.010   -0.010  0.000   0.000   -1.000   | 0.000   | 0.000  
0.000   -0.010  0.010   0.000   0.000   1.000    | 0.000   | 0.000  
-1.000  0.000   0.000   0.000   0.000   0.000    | 0.000   | 4.990  
-1.000  0.000   0.000   0.000   -1000.000 -950.000  | 0.000   | -34.746
0.000   -1.000  1.000   0.000   -950.000 -1000.000  | 0.000   | -28.663
Node 0 : 0
Node 1 : -4.99013
Node 2 : -4.60091
Node 3 : 0
-----------------------------------
Step: 313  Time: 0.3130000
Mtx (6x6) | Vector x | Vector b
------------------------------------------
0.000   0.000   0.000   -1.000  -1.000  0.000    | 0.000   | 0.000  
0.000   0.010   -0.010  0.000   0.000   -1.000   | 0.000   | 0.000  
0.000   -0.010  0.010   0.000   0.000   1.000    | 0.000   | 0.000  
-1.000  0.000   0.000   0.000   0.000   0.000    | 0.000   | 4.990  
-1.000  0.000   0.000   0.000   -1000.000 -950.000  | 0.000   | -39.736
0.000   -1.000  1.000   0.000   -950.000 -1000.000  | 0.000   | -33.264
Node 0 : 0
Node 1 : -4.99013
Node 2 : -4.67165
Node 3 : 0
-----------------------------------
Step: 314  Time: 0.3140000
Mtx (6x6) | Vector x | Vector b
------------------------------------------
0.000   0.000   0.000   -1.000  -1.000  0.000    | 0.000   | 0.000  
0.000   0.010   -0.010  0.000   0.000   -1.000   | 0.000   | 0.000  
0.000   -0.010  0.010   0.000   0.000   1.000    | 0.000   | 0.000  
-1.000  0.000   0.000   0.000   0.000   0.000    | 0.000   | 4.911  
-1.000  0.000   0.000   0.000   -1000.000 -950.000  | 0.000   | -44.726
0.000   -1.000  1.000   0.000   -950.000 -1000.000  | 0.000   | -37.935
Node 0 : 0
Node 1 : -4.91144
Node 2 : -4.66872
Node 3 : 0
-----------------------------------
Step: 315  Time: 0.3150000
Mtx (6x6) | Vector x | Vector b
------------------------------------------
0.000   0.000   0.000   -1.000  -1.000  0.000    | 0.000   | 0.000  
0.000   0.010   -0.010  0.000   0.000   -1.000   | 0.000   | 0.000  
0.000   -0.010  0.010   0.000   0.000   1.000    | 0.000   | 0.000  
-1.000  0.000   0.000   0.000   0.000   0.000    | 0.000   | 4.755  
-1.000  0.000   0.000   0.000   -1000.000 -950.000  | 0.000   | -49.638
0.000   -1.000  1.000   0.000   -950.000 -1000.000  | 0.000   | -42.604
Node 0 : 0
Node 1 : -4.75528
Node 2 : -4.59216
Node 3 : 0
-----------------------------------
Step: 316  Time: 0.3160000
Mtx (6x6) | Vector x | Vector b
------------------------------------------
0.000   0.000   0.000   -1.000  -1.000  0.000    | 0.000   | 0.000  
0.000   0.010   -0.010  0.000   0.000   -1.000   | 0.000   | 0.000  
0.000   -0.010  0.010   0.000   0.000   1.000    | 0.000   | 0.000  
-1.000  0.000   0.000   0.000   0.000   0.000    | 0.000   | 4.524  
-1.000  0.000   0.000   0.000   -1000.000 -950.000  | 0.000   | -54.393
0.000   -1.000  1.000   0.000   -950.000 -1000.000  | 0.000   | -47.196
Node 0 : 0
Node 1 : -4.52414
Node 2 : -4.44318
Node 3 : 0
-----------------------------------
Step: 317  Time: 0.3170000
Mtx (6x6) | Vector x | Vector b
------------------------------------------
0.000   0.000   0.000   -1.000  -1.000  0.000    | 0.000   | 0.000  
0.000   0.010   -0.010  0.000   0.000   -1.000   | 0.000   | 0.000  
0.000   -0.010  0.010   0.000   0.000   1.000    | 0.000   | 0.000  
-1.000  0.000   0.000   0.000   0.000   0.000    | 0.000   | 4.222  
-1.000  0.000   0.000   0.000   -1000.000 -950.000  | 0.000   | -58.917
0.000   -1.000  1.000   0.000   -950.000 -1000.000  | 0.000   | -51.639
Node 0 : 0
Node 1 : -4.22164
Node 2 : -4.22413
Node 3 : 0
-----------------------------------
Step: 318  Time: 0.3180000
Mtx (6x6) | Vector x | Vector b
------------------------------------------
0.000   0.000   0.000   -1.000  -1.000  0.000    | 0.000   | 0.000  
0.000   0.010   -0.010  0.000   0.000   -1.000   | 0.000   | 0.000  
0.000   -0.010  0.010   0.000   0.000   1.000    | 0.000   | 0.000  
-1.000  0.000   0.000   0.000   0.000   0.000    | 0.000   | 3.853  
-1.000  0.000   0.000   0.000   -1000.000 -950.000  | 0.000   | -63.139
0.000   -1.000  1.000   0.000   -950.000 -1000.000  | 0.000   | -55.864
Node 0 : 0
Node 1 : -3.85257
Node 2 : -3.93846
Node 3 : 0
-----------------------------------
Step: 319  Time: 0.3190000
Mtx (6x6) | Vector x | Vector b
------------------------------------------
0.000   0.000   0.000   -1.000  -1.000  0.000    | 0.000   | 0.000  
0.000   0.010   -0.010  0.000   0.000   -1.000   | 0.000   | 0.000  
0.000   -0.010  0.010   0.000   0.000   1.000    | 0.000   | 0.000  
-1.000  0.000   0.000   0.000   0.000   0.000    | 0.000   | 3.423  
-1.000  0.000   0.000   0.000   -1000.000 -950.000  | 0.000   | -66.992
0.000   -1.000  1.000   0.000   -950.000 -1000.000  | 0.000   | -59.802
Node 0 : 0
Node 1 : -3.42274
Node 2 : -3.59068
Node 3 : 0
-----------------------------------
Step: 320  Time: 0.3200000
Mtx (6x6) | Vector x | Vector b
------------------------------------------
0.000   0.000   0.000   -1.000  -1.000  0.000    | 0.000   | 0.000  
0.000   0.010   -0.010  0.000   0.000   -1.000   | 0.000   | 0.000  
0.000   -0.010  0.010   0.000   0.000   1.000    | 0.000   | 0.000  
-1.000  0.000   0.000   0.000   0.000   0.000    | 0.000   | 2.939  
-1.000  0.000   0.000   0.000   -1000.000 -950.000  | 0.000   | -70.414
0.000   -1.000  1.000   0.000   -950.000 -1000.000  | 0.000   | -63.393
Node 0 : 0
Node 1 : -2.93893
Node 2 : -3.18628
Node 3 : 0
-----------------------------------
Step: 321  Time: 0.3210000
Mtx (6x6) | Vector x | Vector b
------------------------------------------
0.000   0.000   0.000   -1.000  -1.000  0.000    | 0.000   | 0.000  
0.000   0.010   -0.010  0.000   0.000   -1.000   | 0.000   | 0.000  
0.000   -0.010  0.010   0.000   0.000   1.000    | 0.000   | 0.000  
-1.000  0.000   0.000   0.000   0.000   0.000    | 0.000   | 2.409  
-1.000  0.000   0.000   0.000   -1000.000 -950.000  | 0.000   | -73.353
0.000   -1.000  1.000   0.000   -950.000 -1000.000  | 0.000   | -66.579
Node 0 : 0
Node 1 : -2.40877
Node 2 : -2.73162
Node 3 : 0
-----------------------------------
Step: 322  Time: 0.3220000
Mtx (6x6) | Vector x | Vector b
------------------------------------------
0.000   0.000   0.000   -1.000  -1.000  0.000    | 0.000   | 0.000  
0.000   0.010   -0.010  0.000   0.000   -1.000   | 0.000   | 0.000  
0.000   -0.010  0.010   0.000   0.000   1.000    | 0.000   | 0.000  
-1.000  0.000   0.000   0.000   0.000   0.000    | 0.000   | 1.841  
-1.000  0.000   0.000   0.000   -1000.000 -950.000  | 0.000   | -75.762
0.000   -1.000  1.000   0.000   -950.000 -1000.000  | 0.000   | -69.311
Node 0 : 0
Node 1 : -1.84062
Node 2 : -2.23388
Node 3 : 0
-----------------------------------
Step: 323  Time: 0.3230000
Mtx (6x6) | Vector x | Vector b
------------------------------------------
0.000   0.000   0.000   -1.000  -1.000  0.000    | 0.000   | 0.000  
0.000   0.010   -0.010  0.000   0.000   -1.000   | 0.000   | 0.000  
0.000   -0.010  0.010   0.000   0.000   1.000    | 0.000   | 0.000  
-1.000  0.000   0.000   0.000   0.000   0.000    | 0.000   | 1.243  
-1.000  0.000   0.000   0.000   -1000.000 -950.000  | 0.000   | -77.603
0.000   -1.000  1.000   0.000   -950.000 -1000.000  | 0.000   | -71.544
Node 0 : 0
Node 1 : -1.24345
Node 2 : -1.70092
Node 3 : 0
-----------------------------------
Step: 324  Time: 0.3240000
Mtx (6x6) | Vector x | Vector b
------------------------------------------
0.000   0.000   0.000   -1.000  -1.000  0.000    | 0.000   | 0.000  
0.000   0.010   -0.010  0.000   0.000   -1.000   | 0.000   | 0.000  
0.000   -0.010  0.010   0.000   0.000   1.000    | 0.000   | 0.000  
-1.000  0.000   0.000   0.000   0.000   0.000    | 0.000   | 0.627  
-1.000  0.000   0.000   0.000   -1000.000 -950.000  | 0.000   | -78.846
0.000   -1.000  1.000   0.000   -950.000 -1000.000  | 0.000   | -73.245
Node 0 : 0
Node 1 : -0.626666
Node 2 : -1.14113
Node 3 : 0
-----------------------------------
Step: 325  Time: 0.3250000
Mtx (6x6) | Vector x | Vector b
------------------------------------------
0.000   0.000   0.000   -1.000  -1.000  0.000    | 0.000   | 0.000  
0.000   0.010   -0.010  0.000   0.000   -1.000   | 0.000   | 0.000  
0.000   -0.010  0.010   0.000   0.000   1.000    | 0.000   | 0.000  
-1.000  0.000   0.000   0.000   0.000   0.000    | 0.000   | -0.000 
-1.000  0.000   0.000   0.000   -1000.000 -950.000  | 0.000   | -79.473
0.000   -1.000  1.000   0.000   -950.000 -1000.000  | 0.000   | -74.386
Node 0 : 0
Node 1 : 0
Node 2 : -0.563342
Node 3 : 0
-----------------------------------
Step: 326  Time: 0.3260000
Mtx (6x6) | Vector x | Vector b
------------------------------------------
0.000   0.000   0.000   -1.000  -1.000  0.000    | 0.000   | 0.000  
0.000   0.010   -0.010  0.000   0.000   -1.000   | 0.000   | 0.000  
0.000   -0.010  0.010   0.000   0.000   1.000    | 0.000   | 0.000  
-1.000  0.000   0.000   0.000   0.000   0.000    | 0.000   | -0.627 
-1.000  0.000   0.000   0.000   -1000.000 -950.000  | 0.000   | -79.473
0.000   -1.000  1.000   0.000   -950.000 -1000.000  | 0.000   | -74.950
Node 0 : 0
Node 1 : 0.626666
Node 2 : 0.0233289
Node 3 : 0
-----------------------------------
Step: 327  Time: 0.3270000
Mtx (6x6) | Vector x | Vector b
------------------------------------------
0.000   0.000   0.000   -1.000  -1.000  0.000    | 0.000   | 0.000  
0.000   0.010   -0.010  0.000   0.000   -1.000   | 0.000   | 0.000  
0.000   -0.010  0.010   0.000   0.000   1.000    | 0.000   | 0.000  
-1.000  0.000   0.000   0.000   0.000   0.000    | 0.000   | -1.243 
-1.000  0.000   0.000   0.000   -1000.000 -950.000  | 0.000   | -78.846
0.000   -1.000  1.000   0.000   -950.000 -1000.000  | 0.000   | -74.927
Node 0 : 0
Node 1 : 1.24345
Node 2 : 0.609632
Node 3 : 0
-----------------------------------
Step: 328  Time: 0.3280000
Mtx (6x6) | Vector x | Vector b
------------------------------------------
0.000   0.000   0.000   -1.000  -1.000  0.000    | 0.000   | 0.000  
0.000   0.010   -0.010  0.000   0.000   -1.000   | 0.000   | 0.000  
0.000   -0.010  0.010   0.000   0.000   1.000    | 0.000   | 0.000  
-1.000  0.000   0.000   0.000   0.000   0.000    | 0.000   | -1.841 
-1.000  0.000   0.000   0.000   -1000.000 -950.000  | 0.000   | -77.603
0.000   -1.000  1.000   0.000   -950.000 -1000.000  | 0.000   | -74.317
Node 0 : 0
Node 1 : 1.84062
Node 2 : 1.18632
Node 3 : 0
-----------------------------------
Step: 329  Time: 0.3290000
Mtx (6x6) | Vector x | Vector b
------------------------------------------
0.000   0.000   0.000   -1.000  -1.000  0.000    | 0.000   | 0.000  
0.000   0.010   -0.010  0.000   0.000   -1.000   | 0.000   | 0.000  
0.000   -0.010  0.010   0.000   0.000   1.000    | 0.000   | 0.000  
-1.000  0.000   0.000   0.000   0.000   0.000    | 0.000   | -2.409 
-1.000  0.000   0.000   0.000   -1000.000 -950.000  | 0.000   | -75.762
0.000   -1.000  1.000   0.000   -950.000 -1000.000  | 0.000   | -73.131
Node 0 : 0
Node 1 : 2.40877
Node 2 : 1.7443
Node 3 : 0
-----------------------------------
Step: 330  Time: 0.3300000
Mtx (6x6) | Vector x | Vector b
------------------------------------------
0.000   0.000   0.000   -1.000  -1.000  0.000    | 0.000   | 0.000  
0.000   0.010   -0.010  0.000   0.000   -1.000   | 0.000   | 0.000  
0.000   -0.010  0.010   0.000   0.000   1.000    | 0.000   | 0.000  
-1.000  0.000   0.000   0.000   0.000   0.000    | 0.000   | -2.939 
-1.000  0.000   0.000   0.000   -1000.000 -950.000  | 0.000   | -73.353
0.000   -1.000  1.000   0.000   -950.000 -1000.000  | 0.000   | -71.386
Node 0 : 0
Node 1 : 2.93893
Node 2 : 2.27477
Node 3 : 0
-----------------------------------
Step: 331  Time: 0.3310000
Mtx (6x6) | Vector x | Vector b
------------------------------------------
0.000   0.000   0.000   -1.000  -1.000  0.000    | 0.000   | 0.000  
0.000   0.010   -0.010  0.000   0.000   -1.000   | 0.000   | 0.000  
0.000   -0.010  0.010   0.000   0.000   1.000    | 0.000   | 0.000  
-1.000  0.000   0.000   0.000   0.000   0.000    | 0.000   | -3.423 
-1.000  0.000   0.000   0.000   -1000.000 -950.000  | 0.000   | -70.414
0.000   -1.000  1.000   0.000   -950.000 -1000.000  | 0.000   | -69.111
Node 0 : 0
Node 1 : 3.42274
Node 2 : 2.76937
Node 3 : 0
-----------------------------------
Step: 332  Time: 0.3320000
Mtx (6x6) | Vector x | Vector b
------------------------------------------
0.000   0.000   0.000   -1.000  -1.000  0.000    | 0.000   | 0.000  
0.000   0.010   -0.010  0.000   0.000   -1.000   | 0.000   | 0.000  
0.000   -0.010  0.010   0.000   0.000   1.000    | 0.000   | 0.000  
-1.000  0.000   0.000   0.000   0.000   0.000    | 0.000   | -3.853 
-1.000  0.000   0.000   0.000   -1000.000 -950.000  | 0.000   | -66.992
0.000   -1.000  1.000   0.000   -950.000 -1000.000  | 0.000   | -66.342
Node 0 : 0
Node 1 : 3.85257
Node 2 : 3.22029
Node 3 : 0
-----------------------------------
Step: 333  Time: 0.3330000
Mtx (6x6) | Vector x | Vector b
------------------------------------------
0.000   0.000   0.000   -1.000  -1.000  0.000    | 0.000   | 0.000  
0.000   0.010   -0.010  0.000   0.000   -1.000   | 0.000   | 0.000  
0.000   -0.010  0.010   0.000   0.000   1.000    | 0.000   | 0.000  
-1.000  0.000   0.000   0.000   0.000   0.000    | 0.000   | -4.222 
-1.000  0.000   0.000   0.000   -1000.000 -950.000  | 0.000   | -63.139
0.000   -1.000  1.000   0.000   -950.000 -1000.000  | 0.000   | -63.122
Node 0 : 0
Node 1 : 4.22164
Node 2 : 3.62043
Node 3 : 0
-----------------------------------
Step: 334  Time: 0.3340000
Mtx (6x6) | Vector x | Vector b
------------------------------------------
0.000   0.000   0.000   -1.000  -1.000  0.000    | 0.000   | 0.000  
0.000   0.010   -0.010  0.000   0.000   -1.000   | 0.000   | 0.000  
0.000   -0.010  0.010   0.000   0.000   1.000    | 0.000   | 0.000  
-1.000  0.000   0.000   0.000   0.000   0.000    | 0.000   | -4.524 
-1.000  0.000   0.000   0.000   -1000.000 -950.000  | 0.000   | -58.917
0.000   -1.000  1.000   0.000   -950.000 -1000.000  | 0.000   | -59.501
Node 0 : 0
Node 1 : 4.52414
Node 2 : 3.96346
Node 3 : 0
-----------------------------------
Step: 335  Time: 0.3350000
Mtx (6x6) | Vector x | Vector b
------------------------------------------
0.000   0.000   0.000   -1.000  -1.000  0.000    | 0.000   | 0.000  
0.000   0.010   -0.010  0.000   0.000   -1.000   | 0.000   | 0.000  
0.000   -0.010  0.010   0.000   0.000   1.000    | 0.000   | 0.000  
-1.000  0.000   0.000   0.000   0.000   0.000    | 0.000   | -4.755 
-1.000  0.000   0.000   0.000   -1000.000 -950.000  | 0.000   | -54.393
0.000   -1.000  1.000   0.000   -950.000 -1000.000  | 0.000   | -55.538
Node 0 : 0
Node 1 : 4.75528
Node 2 : 4.244
Node 3 : 0
-----------------------------------
Step: 336  Time: 0.3360000
Mtx (6x6) | Vector x | Vector b
------------------------------------------
0.000   0.000   0.000   -1.000  -1.000  0.000    | 0.000   | 0.000  
0.000   0.010   -0.010  0.000   0.000   -1.000   | 0.000   | 0.000  
0.000   -0.010  0.010   0.000   0.000   1.000    | 0.000   | 0.000  
-1.000  0.000   0.000   0.000   0.000   0.000    | 0.000   | -4.911 
-1.000  0.000   0.000   0.000   -1000.000 -950.000  | 0.000   | -49.638
0.000   -1.000  1.000   0.000   -950.000 -1000.000  | 0.000   | -51.294
Node 0 : 0
Node 1 : 4.91144
Node 2 : 4.4576
Node 3 : 0
-----------------------------------
Step: 337  Time: 0.3370000
Mtx (6x6) | Vector x | Vector b
------------------------------------------
0.000   0.000   0.000   -1.000  -1.000  0.000    | 0.000   | 0.000  
0.000   0.010   -0.010  0.000   0.000   -1.000   | 0.000   | 0.000  
0.000   -0.010  0.010   0.000   0.000   1.000    | 0.000   | 0.000  
-1.000  0.000   0.000   0.000   0.000   0.000    | 0.000   | -4.990 
-1.000  0.000   0.000   0.000   -1000.000 -950.000  | 0.000   | -44.726
0.000   -1.000  1.000   0.000   -950.000 -1000.000  | 0.000   | -46.836
Node 0 : 0
Node 1 : 4.99013
Node 2 : 4.60091
Node 3 : 0
-----------------------------------
Step: 338  Time: 0.3380000
Mtx (6x6) | Vector x | Vector b
------------------------------------------
0.000   0.000   0.000   -1.000  -1.000  0.000    | 0.000   | 0.000  
0.000   0.010   -0.010  0.000   0.000   -1.000   | 0.000   | 0.000  
0.000   -0.010  0.010   0.000   0.000   1.000    | 0.000   | 0.000  
-1.000  0.000   0.000   0.000   0.000   0.000    | 0.000   | -4.990 
-1.000  0.000   0.000   0.000   -1000.000 -950.000  | 0.000   | -39.736
0.000   -1.000  1.000   0.000   -950.000 -1000.000  | 0.000   | -42.235
Node 0 : 0
Node 1 : 4.99013
Node 2 : 4.67165
Node 3 : 0
-----------------------------------
Step: 339  Time: 0.3390000
Mtx (6x6) | Vector x | Vector b
------------------------------------------
0.000   0.000   0.000   -1.000  -1.000  0.000    | 0.000   | 0.000  
0.000   0.010   -0.010  0.000   0.000   -1.000   | 0.000   | 0.000  
0.000   -0.010  0.010   0.000   0.000   1.000    | 0.000   | 0.000  
-1.000  0.000   0.000   0.000   0.000   0.000    | 0.000   | -4.911 
-1.000  0.000   0.000   0.000   -1000.000 -950.000  | 0.000   | -34.746
0.000   -1.000  1.000   0.000   -950.000 -1000.000  | 0.000   | -37.564
Node 0 : 0
Node 1 : 4.91144
Node 2 : 4.66872
Node 3 : 0
-----------------------------------
Step: 340  Time: 0.3400000
Mtx (6x6) | Vector x | Vector b
------------------------------------------
0.000   0.000   0.000   -1.000  -1.000  0.000    | 0.000   | 0.000  
0.000   0.010   -0.010  0.000   0.000   -1.000   | 0.000   | 0.000  
0.000   -0.010  0.010   0.000   0.000   1.000    | 0.000   | 0.000  
-1.000  0.000   0.000   0.000   0.000   0.000    | 0.000   | -4.755 
-1.000  0.000   0.000   0.000   -1000.000 -950.000  | 0.000   | -29.835
0.000   -1.000  1.000   0.000   -950.000 -1000.000  | 0.000   | -32.895
Node 0 : 0
Node 1 : 4.75528
Node 2 : 4.59216
Node 3 : 0
-----------------------------------
Step: 341  Time: 0.3410000
Mtx (6x6) | Vector x | Vector b
------------------------------------------
0.000   0.000   0.000   -1.000  -1.000  0.000    | 0.000   | 0.000  
0.000   0.010   -0.010  0.000   0.000   -1.000   | 0.000   | 0.000  
0.000   -0.010  0.010   0.000   0.000   1.000    | 0.000   | 0.000  
-1.000  0.000   0.000   0.000   0.000   0.000    | 0.000   | -4.524 
-1.000  0.000   0.000   0.000   -1000.000 -950.000  | 0.000   | -25.080
0.000   -1.000  1.000   0.000   -950.000 -1000.000  | 0.000   | -28.303
Node 0 : 0
Node 1 : 4.52414
Node 2 : 4.44318
Node 3 : 0
-----------------------------------
Step: 342  Time: 0.3420000
Mtx (6x6) | Vector x | Vector b
------------------------------------------
0.000   0.000   0.000   -1.000  -1.000  0.000    | 0.000   | 0.000  
0.000   0.010   -0.010  0.000   0.000   -1.000   | 0.000   | 0.000  
0.000   -0.010  0.010   0.000   0.000   1.000    | 0.000   | 0.000  
-1.000  0.000   0.000   0.000   0.000   0.000    | 0.000   | -4.222 
-1.000  0.000   0.000   0.000   -1000.000 -950.000  | 0.000   | -20.555
0.000   -1.000  1.000   0.000   -950.000 -1000.000  | 0.000   | -23.860
Node 0 : 0
Node 1 : 4.22164
Node 2 : 4.22413
Node 3 : 0
-----------------------------------
Step: 343  Time: 0.3430000
Mtx (6x6) | Vector x | Vector b
------------------------------------------
0.000   0.000   0.000   -1.000  -1.000  0.000    | 0.000   | 0.000  
0.000   0.010   -0.010  0.000   0.000   -1.000   | 0.000   | 0.000  
0.000   -0.010  0.010   0.000   0.000   1.000    | 0.000   | 0.000  
-1.000  0.000   0.000   0.000   0.000   0.000    | 0.000   | -3.853 
-1.000  0.000   0.000   0.000   -1000.000 -950.000  | 0.000   | -16.334
0.000   -1.000  1.000   0.000   -950.000 -1000.000  | 0.000   | -19.636
Node 0 : 0
Node 1 : 3.85257
Node 2 : 3.93846
Node 3 : 0
-----------------------------------
Step: 344  Time: 0.3440000
Mtx (6x6) | Vector x | Vector b
------------------------------------------
0.000   0.000   0.000   -1.000  -1.000  0.000    | 0.000   | 0.000  
0.000   0.010   -0.010  0.000   0.000   -1.000   | 0.000   | 0.000  
0.000   -0.010  0.010   0.000   0.000   1.000    | 0.000   | 0.000  
-1.000  0.000   0.000   0.000   0.000   0.000    | 0.000   | -3.423 
-1.000  0.000   0.000   0.000   -1000.000 -950.000  | 0.000   | -12.481
0.000   -1.000  1.000   0.000   -950.000 -1000.000  | 0.000   | -15.697
Node 0 : 0
Node 1 : 3.42274
Node 2 : 3.59068
Node 3 : 0
-----------------------------------
Step: 345  Time: 0.3450000
Mtx (6x6) | Vector x | Vector b
------------------------------------------
0.000   0.000   0.000   -1.000  -1.000  0.000    | 0.000   | 0.000  
0.000   0.010   -0.010  0.000   0.000   -1.000   | 0.000   | 0.000  
0.000   -0.010  0.010   0.000   0.000   1.000    | 0.000   | 0.000  
-1.000  0.000   0.000   0.000   0.000   0.000    | 0.000   | -2.939 
-1.000  0.000   0.000   0.000   -1000.000 -950.000  | 0.000   | -9.058 
0.000   -1.000  1.000   0.000   -950.000 -1000.000  | 0.000   | -12.106
Node 0 : 0
Node 1 : 2.93893
Node 2 : 3.18628
Node 3 : 0
-----------------------------------
Step: 346  Time: 0.3460000
Mtx (6x6) | Vector x | Vector b
------------------------------------------
0.000   0.000   0.000   -1.000  -1.000  0.000    | 0.000   | 0.000  
0.000   0.010   -0.010  0.000   0.000   -1.000   | 0.000   | 0.000  
0.000   -0.010  0.010   0.000   0.000   1.000    | 0.000   | 0.000  
-1.000  0.000   0.000   0.000   0.000   0.000    | 0.000   | -2.409 
-1.000  0.000   0.000   0.000   -1000.000 -950.000  | 0.000   | -6.120 
0.000   -1.000  1.000   0.000   -950.000 -1000.000  | 0.000   | -8.920 
Node 0 : 0
Node 1 : 2.40877
Node 2 : 2.73162
Node 3 : 0
-----------------------------------
Step: 347  Time: 0.3470000
Mtx (6x6) | Vector x | Vector b
------------------------------------------
0.000   0.000   0.000   -1.000  -1.000  0.000    | 0.000   | 0.000  
0.000   0.010   -0.010  0.000   0.000   -1.000   | 0.000   | 0.000  
0.000   -0.010  0.010   0.000   0.000   1.000    | 0.000   | 0.000  
-1.000  0.000   0.000   0.000   0.000   0.000    | 0.000   | -1.841 
-1.000  0.000   0.000   0.000   -1000.000 -950.000  | 0.000   | -3.711 
0.000   -1.000  1.000   0.000   -950.000 -1000.000  | 0.000   | -6.189 
Node 0 : 0
Node 1 : 1.84062
Node 2 : 2.23388
Node 3 : 0
-----------------------------------
Step: 348  Time: 0.3480000
Mtx (6x6) | Vector x | Vector b
------------------------------------------
0.000   0.000   0.000   -1.000  -1.000  0.000    | 0.000   | 0.000  
0.000   0.010   -0.010  0.000   0.000   -1.000   | 0.000   | 0.000  
0.000   -0.010  0.010   0.000   0.000   1.000    | 0.000   | 0.000  
-1.000  0.000   0.000   0.000   0.000   0.000    | 0.000   | -1.243 
-1.000  0.000   0.000   0.000   -1000.000 -950.000  | 0.000   | -1.870 
0.000   -1.000  1.000   0.000   -950.000 -1000.000  | 0.000   | -3.955 
Node 0 : 0
Node 1 : 1.24345
Node 2 : 1.70092
Node 3 : 0
-----------------------------------
Step: 349  Time: 0.3490000
Mtx (6x6) | Vector x | Vector b
------------------------------------------
0.000   0.000   0.000   -1.000  -1.000  0.000    | 0.000   | 0.000  
0.000   0.010   -0.010  0.000   0.000   -1.000   | 0.000   | 0.000  
0.000   -0.010  0.010   0.000   0.000   1.000    | 0.000   | 0.000  
-1.000  0.000   0.000   0.000   0.000   0.000    | 0.000   | -0.627 
-1.000  0.000   0.000   0.000   -1000.000 -950.000  | 0.000   | -0.627 
0.000   -1.000  1.000   0.000   -950.000 -1000.000  | 0.000   | -2.254 
Node 0 : 0
Node 1 : 0.626666
Node 2 : 1.14113
Node 3 : 0
-----------------------------------
Step: 350  Time: 0.3500000
Mtx (6x6) | Vector x | Vector b
------------------------------------------
0.000   0.000   0.000   -1.000  -1.000  0.000    | 0.000   | 0.000  
0.000   0.010   -0.010  0.000   0.000   -1.000   | 0.000   | 0.000  
0.000   -0.010  0.010   0.000   0.000   1.000    | 0.000   | 0.000  
-1.000  0.000   0.000   0.000   0.000   0.000    | 0.000   | 0.000  
-1.000  0.000   0.000   0.000   -1000.000 -950.000  | 0.000   | 0.000  
0.000   -1.000  1.000   0.000   -950.000 -1000.000  | 0.000   | -1.113 
Node 0 : 0
Node 1 : 0
Node 2 : 0.563342
Node 3 : 0
-----------------------------------
Step: 351  Time: 0.3510000
Mtx (6x6) | Vector x | Vector b
------------------------------------------
0.000   0.000   0.000   -1.000  -1.000  0.000    | 0.000   | 0.000  
0.000   0.010   -0.010  0.000   0.000   -1.000   | 0.000   | 0.000  
0.000   -0.010  0.010   0.000   0.000   1.000    | 0.000   | 0.000  
-1.000  0.000   0.000   0.000   0.000   0.000    | 0.000   | 0.627  
-1.000  0.000   0.000   0.000   -1000.000 -950.000  | 0.000   | 0.000  
0.000   -1.000  1.000   0.000   -950.000 -1000.000  | 0.000   | -0.549 
Node 0 : 0
Node 1 : -0.626666
Node 2 : -0.0233289
Node 3 : 0
-----------------------------------
Step: 352  Time: 0.3520000
Mtx (6x6) | Vector x | Vector b
------------------------------------------
0.000   0.000   0.000   -1.000  -1.000  0.000    | 0.000   | 0.000  
0.000   0.010   -0.010  0.000   0.000   -1.000   | 0.000   | 0.000  
0.000   -0.010  0.010   0.000   0.000   1.000    | 0.000   | 0.000  
-1.000  0.000   0.000   0.000   0.000   0.000    | 0.000   | 1.243  
-1.000  0.000   0.000   0.000   -1000.000 -950.000  | 0.000   | -0.627 
0.000   -1.000  1.000   0.000   -950.000 -1000.000  | 0.000   | -0.573 
Node 0 : 0
Node 1 : -1.24345
Node 2 : -0.609632
Node 3 : 0
-----------------------------------
Step: 353  Time: 0.3530000
Mtx (6x6) | Vector x | Vector b
------------------------------------------
0.000   0.000   0.000   -1.000  -1.000  0.000    | 0.000   | 0.000  
0.000   0.010   -0.010  0.000   0.000   -1.000   | 0.000   | 0.000  
0.000   -0.010  0.010   0.000   0.000   1.000    | 0.000   | 0.000  
-1.000  0.000   0.000   0.000   0.000   0.000    | 0.000   | 1.841  
-1.000  0.000   0.000   0.000   -1000.000 -950.000  | 0.000   | -1.870 
0.000   -1.000  1.000   0.000   -950.000 -1000.000  | 0.000   | -1.182 
Node 0 : 0
Node 1 : -1.84062
Node 2 : -1.18632
Node 3 : 0
-----------------------------------
Step: 354  Time: 0.3540000
Mtx (6x6) | Vector x | Vector b
------------------------------------------
0.000   0.000   0.000   -1.000  -1.000  0.000    | 0.000   | 0.000  
0.000   0.010   -0.010  0.000   0.000   -1.000   | 0.000   | 0.000  
0.000   -0.010  0.010   0.000   0.000   1.000    | 0.000   | 0.000  
-1.000  0.000   0.000   0.000   0.000   0.000    | 0.000   | 2.409  
-1.000  0.000   0.000   0.000   -1000.000 -950.000  | 0.000   | -3.711 
0.000   -1.000  1.000   0.000   -950.000 -1000.000  | 0.000   | -2.369 
Node 0 : 0
Node 1 : -2.40877
Node 2 : -1.7443
Node 3 : 0
-----------------------------------
Step: 355  Time: 0.3550000
Mtx (6x6) | Vector x | Vector b
------------------------------------------
0.000   0.000   0.000   -1.000  -1.000  0.000    | 0.000   | 0.000  
0.000   0.010   -0.010  0.000   0.000   -1.000   | 0.000   | 0.000  
0.000   -0.010  0.010   0.000   0.000   1.000    | 0.000   | 0.000  
-1.000  0.000   0.000   0.000   0.000   0.000    | 0.000   | 2.939  
-1.000  0.000   0.000   0.000   -1000.000 -950.000  | 0.000   | -6.120 
0.000   -1.000  1.000   0.000   -950.000 -1000.000  | 0.000   | -4.113 
Node 0 : 0
Node 1 : -2.93893
Node 2 : -2.27477
Node 3 : 0
-----------------------------------
Step: 356  Time: 0.3560000
Mtx (6x6) | Vector x | Vector b
------------------------------------------
0.000   0.000   0.000   -1.000  -1.000  0.000    | 0.000   | 0.000  
0.000   0.010   -0.010  0.000   0.000   -1.000   | 0.000   | 0.000  
0.000   -0.010  0.010   0.000   0.000   1.000    | 0.000   | 0.000  
-1.000  0.000   0.000   0.000   0.000   0.000    | 0.000   | 3.423  
-1.000  0.000   0.000   0.000   -1000.000 -950.000  | 0.000   | -9.058 
0.000   -1.000  1.000   0.000   -950.000 -1000.000  | 0.000   | -6.388 
Node 0 : 0
Node 1 : -3.42274
Node 2 : -2.76937
Node 3 : 0
-----------------------------------
Step: 357  Time: 0.3570000
Mtx (6x6) | Vector x | Vector b
------------------------------------------
0.000   0.000   0.000   -1.000  -1.000  0.000    | 0.000   | 0.000  
0.000   0.010   -0.010  0.000   0.000   -1.000   | 0.000   | 0.000  
0.000   -0.010  0.010   0.000   0.000   1.000    | 0.000   | 0.000  
-1.000  0.000   0.000   0.000   0.000   0.000    | 0.000   | 3.853  
-1.000  0.000   0.000   0.000   -1000.000 -950.000  | 0.000   | -12.481
0.000   -1.000  1.000   0.000   -950.000 -1000.000  | 0.000   | -9.157 
Node 0 : 0
Node 1 : -3.85257
Node 2 : -3.22029
Node 3 : 0
-----------------------------------
Step: 358  Time: 0.3580000
Mtx (6x6) | Vector x | Vector b
------------------------------------------
0.000   0.000   0.000   -1.000  -1.000  0.000    | 0.000   | 0.000  
0.000   0.010   -0.010  0.000   0.000   -1.000   | 0.000   | 0.000  
0.000   -0.010  0.010   0.000   0.000   1.000    | 0.000   | 0.000  
-1.000  0.000   0.000   0.000   0.000   0.000    | 0.000   | 4.222  
-1.000  0.000   0.000   0.000   -1000.000 -950.000  | 0.000   | -16.334
0.000   -1.000  1.000   0.000   -950.000 -1000.000  | 0.000   | -12.377
Node 0 : 0
Node 1 : -4.22164
Node 2 : -3.62043
Node 3 : 0
-----------------------------------
Step: 359  Time: 0.3590000
Mtx (6x6) | Vector x | Vector b
------------------------------------------
0.000   0.000   0.000   -1.000  -1.000  0.000    | 0.000   | 0.000  
0.000   0.010   -0.010  0.000   0.000   -1.000   | 0.000   | 0.000  
0.000   -0.010  0.010   0.000   0.000   1.000    | 0.000   | 0.000  
-1.000  0.000   0.000   0.000   0.000   0.000    | 0.000   | 4.524  
-1.000  0.000   0.000   0.000   -1000.000 -950.000  | 0.000   | -20.555
0.000   -1.000  1.000   0.000   -950.000 -1000.000  | 0.000   | -15.998
Node 0 : 0
Node 1 : -4.52414
Node 2 : -3.96346
Node 3 : 0
-----------------------------------
Step: 360  Time: 0.3600000
Mtx (6x6) | Vector x | Vector b
------------------------------------------
0.000   0.000   0.000   -1.000  -1.000  0.000    | 0.000   | 0.000  
0.000   0.010   -0.010  0.000   0.000   -1.000   | 0.000   | 0.000  
0.000   -0.010  0.010   0.000   0.000   1.000    | 0.000   | 0.000  
-1.000  0.000   0.000   0.000   0.000   0.000    | 0.000   | 4.755  
-1.000  0.000   0.000   0.000   -1000.000 -950.000  | 0.000   | -25.080
0.000   -1.000  1.000   0.000   -950.000 -1000.000  | 0.000   | -19.961
Node 0 : 0
Node 1 : -4.75528
Node 2 : -4.244
Node 3 : 0
-----------------------------------
Step: 361  Time: 0.3610000
Mtx (6x6) | Vector x | Vector b
------------------------------------------
0.000   0.000   0.000   -1.000  -1.000  0.000    | 0.000   | 0.000  
0.000   0.010   -0.010  0.000   0.000   -1.000   | 0.000   | 0.000  
0.000   -0.010  0.010   0.000   0.000   1.000    | 0.000   | 0.000  
-1.000  0.000   0.000   0.000   0.000   0.000    | 0.000   | 4.911  
-1.000  0.000   0.000   0.000   -1000.000 -950.000  | 0.000   | -29.835
0.000   -1.000  1.000   0.000   -950.000 -1000.000  | 0.000   | -24.205
Node 0 : 0
Node 1 : -4.91144
Node 2 : -4.4576
Node 3 : 0
-----------------------------------
Step: 362  Time: 0.3620000
Mtx (6x6) | Vector x | Vector b
------------------------------------------
0.000   0.000   0.000   -1.000  -1.000  0.000    | 0.000   | 0.000  
0.000   0.010   -0.010  0.000   0.000   -1.000   | 0.000   | 0.000  
0.000   -0.010  0.010   0.000   0.000   1.000    | 0.000   | 0.000  
-1.000  0.000   0.000   0.000   0.000   0.000    | 0.000   | 4.990  
-1.000  0.000   0.000   0.000   -1000.000 -950.000  | 0.000   | -34.746
0.000   -1.000  1.000   0.000   -950.000 -1000.000  | 0.000   | -28.663
Node 0 : 0
Node 1 : -4.99013
Node 2 : -4.60091
Node 3 : 0
-----------------------------------
Step: 363  Time: 0.3630000
Mtx (6x6) | Vector x | Vector b
------------------------------------------
0.000   0.000   0.000   -1.000  -1.000  0.000    | 0.000   | 0.000  
0.000   0.010   -0.010  0.000   0.000   -1.000   | 0.000   | 0.000  
0.000   -0.010  0.010   0.000   0.000   1.000    | 0.000   | 0.000  
-1.000  0.000   0.000   0.000   0.000   0.000    | 0.000   | 4.990  
-1.000  0.000   0.000   0.000   -1000.000 -950.000  | 0.000   | -39.736
0.000   -1.000  1.000   0.000   -950.000 -1000.000  | 0.000   | -33.264
Node 0 : 0
Node 1 : -4.99013
Node 2 : -4.67165
Node 3 : 0
-----------------------------------
Step: 364  Time: 0.3640000
Mtx (6x6) | Vector x | Vector b
------------------------------------------
0.000   0.000   0.000   -1.000  -1.000  0.000    | 0.000   | 0.000  
0.000   0.010   -0.010  0.000   0.000   -1.000   | 0.000   | 0.000  
0.000   -0.010  0.010   0.000   0.000   1.000    | 0.000   | 0.000  
-1.000  0.000   0.000   0.000   0.000   0.000    | 0.000   | 4.911  
-1.000  0.000   0.000   0.000   -1000.000 -950.000  | 0.000   | -44.726
0.000   -1.000  1.000   0.000   -950.000 -1000.000  | 0.000   | -37.935
Node 0 : 0
Node 1 : -4.91144
Node 2 : -4.66872
Node 3 : 0
-----------------------------------
Step: 365  Time: 0.3650000
Mtx (6x6) | Vector x | Vector b
------------------------------------------
0.000   0.000   0.000   -1.000  -1.000  0.000    | 0.000   | 0.000  
0.000   0.010   -0.010  0.000   0.000   -1.000   | 0.000   | 0.000  
0.000   -0.010  0.010   0.000   0.000   1.000    | 0.000   | 0.000  
-1.000  0.000   0.000   0.000   0.000   0.000    | 0.000   | 4.755  
-1.000  0.000   0.000   0.000   -1000.000 -950.000  | 0.000   | -49.638
0.000   -1.000  1.000   0.000   -950.000 -1000.000  | 0.000   | -42.604
Node 0 : 0
Node 1 : -4.75528
Node 2 : -4.59216
Node 3 : 0
-----------------------------------
Step: 366  Time: 0.3660000
Mtx (6x6) | Vector x | Vector b
------------------------------------------
0.000   0.000   0.000   -1.000  -1.000  0.000    | 0.000   | 0.000  
0.000   0.010   -0.010  0.000   0.000   -1.000   | 0.000   | 0.000  
0.000   -0.010  0.010   0.000   0.000   1.000    | 0.000   | 0.000  
-1.000  0.000   0.000   0.000   0.000   0.000    | 0.000   | 4.524  
-1.000  0.000   0.000   0.000   -1000.000 -950.000  | 0.000   | -54.393
0.000   -1.000  1.000   0.000   -950.000 -1000.000  | 0.000   | -47.196
Node 0 : 0
Node 1 : -4.52414
Node 2 : -4.44318
Node 3 : 0
-----------------------------------
Step: 367  Time: 0.3670000
Mtx (6x6) | Vector x | Vector b
------------------------------------------
0.000   0.000   0.000   -1.000  -1.000  0.000    | 0.000   | 0.000  
0.000   0.010   -0.010  0.000   0.000   -1.000   | 0.000   | 0.000  
0.000   -0.010  0.010   0.000   0.000   1.000    | 0.000   | 0.000  
-1.000  0.000   0.000   0.000   0.000   0.000    | 0.000   | 4.222  
-1.000  0.000   0.000   0.000   -1000.000 -950.000  | 0.000   | -58.917
0.000   -1.000  1.000   0.000   -950.000 -1000.000  | 0.000   | -51.639
Node 0 : 0
Node 1 : -4.22164
Node 2 : -4.22413
Node 3 : 0
-----------------------------------
Step: 368  Time: 0.3680000
Mtx (6x6) | Vector x | Vector b
------------------------------------------
0.000   0.000   0.000   -1.000  -1.000  0.000    | 0.000   | 0.000  
0.000   0.010   -0.010  0.000   0.000   -1.000   | 0.000   | 0.000  
0.000   -0.010  0.010   0.000   0.000   1.000    | 0.000   | 0.000  
-1.000  0.000   0.000   0.000   0.000   0.000    | 0.000   | 3.853  
-1.000  0.000   0.000   0.000   -1000.000 -950.000  | 0.000   | -63.139
0.000   -1.000  1.000   0.000   -950.000 -1000.000  | 0.000   | -55.864
Node 0 : 0
Node 1 : -3.85257
Node 2 : -3.93846
Node 3 : 0
-----------------------------------
Step: 369  Time: 0.3690000
Mtx (6x6) | Vector x | Vector b
------------------------------------------
0.000   0.000   0.000   -1.000  -1.000  0.000    | 0.000   | 0.000  
0.000   0.010   -0.010  0.000   0.000   -1.000   | 0.000   | 0.000  
0.000   -0.010  0.010   0.000   0.000   1.000    | 0.000   | 0.000  
-1.000  0.000   0.000   0.000   0.000   0.000    | 0.000   | 3.423  
-1.000  0.000   0.000   0.000   -1000.000 -950.000  | 0.000   | -66.992
0.000   -1.000  1.000   0.000   -950.000 -1000.000  | 0.000   | -59.802
Node 0 : 0
Node 1 : -3.42274
Node 2 : -3.59068
Node 3 : 0
-----------------------------------
Step: 370  Time: 0.3700000
Mtx (6x6) | Vector x | Vector b
------------------------------------------
0.000   0.000   0.000   -1.000  -1.000  0.000    | 0.000   | 0.000  
0.000   0.010   -0.010  0.000   0.000   -1.000   | 0.000   | 0.000  
0.000   -0.010  0.010   0.000   0.000   1.000    | 0.000   | 0.000  
-1.000  0.000   0.000   0.000   0.000   0.000    | 0.000   | 2.939  
-1.000  0.000   0.000   0.000   -1000.000 -950.000  | 0.000   | -70.414
0.000   -1.000  1.000   0.000   -950.000 -1000.000  | 0.000   | -63.393
Node 0 : 0
Node 1 : -2.93893
Node 2 : -3.18628
Node 3 : 0
-----------------------------------
Step: 371  Time: 0.3710000
Mtx (6x6) | Vector x | Vector b
------------------------------------------
0.000   0.000   0.000   -1.000  -1.000  0.000    | 0.000   | 0.000  
0.000   0.010   -0.010  0.000   0.000   -1.000   | 0.000   | 0.000  
0.000   -0.010  0.010   0.000   0.000   1.000    | 0.000   | 0.000  
-1.000  0.000   0.000   0.000   0.000   0.000    | 0.000   | 2.409  
-1.000  0.000   0.000   0.000   -1000.000 -950.000  | 0.000   | -73.353
0.000   -1.000  1.000   0.000   -950.000 -1000.000  | 0.000   | -66.579
Node 0 : 0
Node 1 : -2.40877
Node 2 : -2.73162
Node 3 : 0
-----------------------------------
Step: 372  Time: 0.3720000
Mtx (6x6) | Vector x | Vector b
------------------------------------------
0.000   0.000   0.000   -1.000  -1.000  0.000    | 0.000   | 0.000  
0.000   0.010   -0.010  0.000   0.000   -1.000   | 0.000   | 0.000  
0.000   -0.010  0.010   0.000   0.000   1.000    | 0.000   | 0.000  
-1.000  0.000   0.000   0.000   0.000   0.000    | 0.000   | 1.841  
-1.000  0.000   0.000   0.000   -1000.000 -950.000  | 0.000   | -75.762
0.000   -1.000  1.000   0.000   -950.000 -1000.000  | 0.000   | -69.311
Node 0 : 0
Node 1 : -1.84062
Node 2 : -2.23388
Node 3 : 0
-----------------------------------
Step: 373  Time: 0.3730000
Mtx (6x6) | Vector x | Vector b
------------------------------------------
0.000   0.000   0.000   -1.000  -1.000  0.000    | 0.000   | 0.000  
0.000   0.010   -0.010  0.000   0.000   -1.000   | 0.000   | 0.000  
0.000   -0.010  0.010   0.000   0.000   1.000    | 0.000   | 0.000  
-1.000  0.000   0.000   0.000   0.000   0.000    | 0.000   | 1.243  
-1.000  0.000   0.000   0.000   -1000.000 -950.000  | 0.000   | -77.603
0.000   -1.000  1.000   0.000   -950.000 -1000.000  | 0.000   | -71.544
Node 0 : 0
Node 1 : -1.24345
Node 2 : -1.70092
Node 3 : 0
-----------------------------------
Step: 374  Time: 0.3740000
Mtx (6x6) | Vector x | Vector b
------------------------------------------
0.000   0.000   0.000   -1.000  -1.000  0.000    | 0.000   | 0.000  
0.000   0.010   -0.010  0.000   0.000   -1.000   | 0.000   | 0.000  
0.000   -0.010  0.010   0.000   0.000   1.000    | 0.000   | 0.000  
-1.000  0.000   0.000   0.000   0.000   0.000    | 0.000   | 0.627  
-1.000  0.000   0.000   0.000   -1000.000 -950.000  | 0.000   | -78.846
0.000   -1.000  1.000   0.000   -950.000 -1000.000  | 0.000   | -73.245
Node 0 : 0
Node 1 : -0.626666
Node 2 : -1.14113
Node 3 : 0
-----------------------------------
Step: 375  Time: 0.3750000
Mtx (6x6) | Vector x | Vector b
------------------------------------------
0.000   0.000   0.000   -1.000  -1.000  0.000    | 0.000   | 0.000  
0.000   0.010   -0.010  0.000   0.000   -1.000   | 0.000   | 0.000  
0.000   -0.010  0.010   0.000   0.000   1.000    | 0.000   | 0.000  
-1.000  0.000   0.000   0.000   0.000   0.000    | 0.000   | -0.000 
-1.000  0.000   0.000   0.000   -1000.000 -950.000  | 0.000   | -79.473
0.000   -1.000  1.000   0.000   -950.000 -1000.000  | 0.000   | -74.386
Node 0 : 0
Node 1 : 0
Node 2 : -0.563342
Node 3 : 0
-----------------------------------
Step: 376  Time: 0.3760000
Mtx (6x6) | Vector x | Vector b
------------------------------------------
0.000   0.000   0.000   -1.000  -1.000  0.000    | 0.000   | 0.000  
0.000   0.010   -0.010  0.000   0.000   -1.000   | 0.000   | 0.000  
0.000   -0.010  0.010   0.000   0.000   1.000    | 0.000   | 0.000  
-1.000  0.000   0.000   0.000   0.000   0.000    | 0.000   | -0.627 
-1.000  0.000   0.000   0.000   -1000.000 -950.000  | 0.000   | -79.473
0.000   -1.000  1.000   0.000   -950.000 -1000.000  | 0.000   | -74.950
Node 0 : 0
Node 1 : 0.626666
Node 2 : 0.0233289
Node 3 : 0
-----------------------------------
Step: 377  Time: 0.3770000
Mtx (6x6) | Vector x | Vector b
------------------------------------------
0.000   0.000   0.000   -1.000  -1.000  0.000    | 0.000   | 0.000  
0.000   0.010   -0.010  0.000   0.000   -1.000   | 0.000   | 0.000  
0.000   -0.010  0.010   0.000   0.000   1.000    | 0.000   | 0.000  
-1.000  0.000   0.000   0.000   0.000   0.000    | 0.000   | -1.243 
-1.000  0.000   0.000   0.000   -1000.000 -950.000  | 0.000   | -78.846
0.000   -1.000  1.000   0.000   -950.000 -1000.000  | 0.000   | -74.927
Node 0 : 0
Node 1 : 1.24345
Node 2 : 0.609632
Node 3 : 0
-----------------------------------
Step: 378  Time: 0.3780000
Mtx (6x6) | Vector x | Vector b
------------------------------------------
0.000   0.000   0.000   -1.000  -1.000  0.000    | 0.000   | 0.000  
0.000   0.010   -0.010  0.000   0.000   -1.000   | 0.000   | 0.000  
0.000   -0.010  0.010   0.000   0.000   1.000    | 0.000   | 0.000  
-1.000  0.000   0.000   0.000   0.000   0.000    | 0.000   | -1.841 
-1.000  0.000   0.000   0.000   -1000.000 -950.000  | 0.000   | -77.603
0.000   -1.000  1.000   0.000   -950.000 -1000.000  | 0.000   | -74.317
Node 0 : 0
Node 1 : 1.84062
Node 2 : 1.18632
Node 3 : 0
-----------------------------------
Step: 379  Time: 0.3790000
Mtx (6x6) | Vector x | Vector b
------------------------------------------
0.000   0.000   0.000   -1.000  -1.000  0.000    | 0.000   | 0.000  
0.000   0.010   -0.010  0.000   0.000   -1.000   | 0.000   | 0.000  
0.000   -0.010  0.010   0.000   0.000   1.000    | 0.000   | 0.000  
-1.000  0.000   0.000   0.000   0.000   0.000    | 0.000   | -2.409 
-1.000  0.000   0.000   0.000   -1000.000 -950.000  | 0.000   | -75.762
0.000   -1.000  1.000   0.000   -950.000 -1000.000  | 0.000   | -73.131
Node 0 : 0
Node 1 : 2.40877
Node 2 : 1.7443
Node 3 : 0
-----------------------------------
Step: 380  Time: 0.3800000
Mtx (6x6) | Vector x | Vector b
------------------------------------------
0.000   0.000   0.000   -1.000  -1.000  0.000    | 0.000   | 0.000  
0.000   0.010   -0.010  0.000   0.000   -1.000   | 0.000   | 0.000  
0.000   -0.010  0.010   0.000   0.000   1.000    | 0.000   | 0.000  
-1.000  0.000   0.000   0.000   0.000   0.000    | 0.000   | -2.939 
-1.000  0.000   0.000   0.000   -1000.000 -950.000  | 0.000   | -73.353
0.000   -1.000  1.000   0.000   -950.000 -1000.000  | 0.000   | -71.386
Node 0 : 0
Node 1 : 2.93893
Node 2 : 2.27477
Node 3 : 0
-----------------------------------
Step: 381  Time: 0.3810000
Mtx (6x6) | Vector x | Vector b
------------------------------------------
0.000   0.000   0.000   -1.000  -1.000  0.000    | 0.000   | 0.000  
0.000   0.010   -0.010  0.000   0.000   -1.000   | 0.000   | 0.000  
0.000   -0.010  0.010   0.000   0.000   1.000    | 0.000   | 0.000  
-1.000  0.000   0.000   0.000   0.000   0.000    | 0.000   | -3.423 
-1.000  0.000   0.000   0.000   -1000.000 -950.000  | 0.000   | -70.414
0.000   -1.000  1.000   0.000   -950.000 -1000.000  | 0.000   | -69.111
Node 0 : 0
Node 1 : 3.42274
Node 2 : 2.76937
Node 3 : 0
-----------------------------------
Step: 382  Time: 0.3820000
Mtx (6x6) | Vector x | Vector b
------------------------------------------
0.000   0.000   0.000   -1.000  -1.000  0.000    | 0.000   | 0.000  
0.000   0.010   -0.010  0.000   0.000   -1.000   | 0.000   | 0.000  
0.000   -0.010  0.010   0.000   0.000   1.000    | 0.000   | 0.000  
-1.000  0.000   0.000   0.000   0.000   0.000    | 0.000   | -3.853 
-1.000  0.000   0.000   0.000   -1000.000 -950.000  | 0.000   | -66.992
0.000   -1.000  1.000   0.000   -950.000 -1000.000  | 0.000   | -66.342
Node 0 : 0
Node 1 : 3.85257
Node 2 : 3.22029
Node 3 : 0
-----------------------------------
Step: 383  Time: 0.3830000
Mtx (6x6) | Vector x | Vector b
------------------------------------------
0.000   0.000   0.000   -1.000  -1.000  0.000    | 0.000   | 0.000  
0.000   0.010   -0.010  0.000   0.000   -1.000   | 0.000   | 0.000  
0.000   -0.010  0.010   0.000   0.000   1.000    | 0.000   | 0.000  
-1.000  0.000   0.000   0.000   0.000   0.000    | 0.000   | -4.222 
-1.000  0.000   0.000   0.000   -1000.000 -950.000  | 0.000   | -63.139
0.000   -1.000  1.000   0.000   -950.000 -1000.000  | 0.000   | -63.122
Node 0 : 0
Node 1 : 4.22164
Node 2 : 3.62043
Node 3 : 0
-----------------------------------
Step: 384  Time: 0.3840000
Mtx (6x6) | Vector x | Vector b
------------------------------------------
0.000   0.000   0.000   -1.000  -1.000  0.000    | 0.000   | 0.000  
0.000   0.010   -0.010  0.000   0.000   -1.000   | 0.000   | 0.000  
0.000   -0.010  0.010   0.000   0.000   1.000    | 0.000   | 0.000  
-1.000  0.000   0.000   0.000   0.000   0.000    | 0.000   | -4.524 
-1.000  0.000   0.000   0.000   -1000.000 -950.000  | 0.000   | -58.917
0.000   -1.000  1.000   0.000   -950.000 -1000.000  | 0.000   | -59.501
Node 0 : 0
Node 1 : 4.52414
Node 2 : 3.96346
Node 3 : 0
-----------------------------------
Step: 385  Time: 0.3850000
Mtx (6x6) | Vector x | Vector b
------------------------------------------
0.000   0.000   0.000   -1.000  -1.000  0.000    | 0.000   | 0.000  
0.000   0.010   -0.010  0.000   0.000   -1.000   | 0.000   | 0.000  
0.000   -0.010  0.010   0.000   0.000   1.000    | 0.000   | 0.000  
-1.000  0.000   0.000   0.000   0.000   0.000    | 0.000   | -4.755 
-1.000  0.000   0.000   0.000   -1000.000 -950.000  | 0.000   | -54.393
0.000   -1.000  1.000   0.000   -950.000 -1000.000  | 0.000   | -55.538
Node 0 : 0
Node 1 : 4.75528
Node 2 : 4.244
Node 3 : 0
-----------------------------------
Step: 386  Time: 0.3860000
Mtx (6x6) | Vector x | Vector b
------------------------------------------
0.000   0.000   0.000   -1.000  -1.000  0.000    | 0.000   | 0.000  
0.000   0.010   -0.010  0.000   0.000   -1.000   | 0.000   | 0.000  
0.000   -0.010  0.010   0.000   0.000   1.000    | 0.000   | 0.000  
-1.000  0.000   0.000   0.000   0.000   0.000    | 0.000   | -4.911 
-1.000  0.000   0.000   0.000   -1000.000 -950.000  | 0.000   | -49.638
0.000   -1.000  1.000   0.000   -950.000 -1000.000  | 0.000   | -51.294
Node 0 : 0
Node 1 : 4.91144
Node 2 : 4.4576
Node 3 : 0
-----------------------------------
Step: 387  Time: 0.3870000
Mtx (6x6) | Vector x | Vector b
------------------------------------------
0.000   0.000   0.000   -1.000  -1.000  0.000    | 0.000   | 0.000  
0.000   0.010   -0.010  0.000   0.000   -1.000   | 0.000   | 0.000  
0.000   -0.010  0.010   0.000   0.000   1.000    | 0.000   | 0.000  
-1.000  0.000   0.000   0.000   0.000   0.000    | 0.000   | -4.990 
-1.000  0.000   0.000   0.000   -1000.000 -950.000  | 0.000   | -44.726
0.000   -1.000  1.000   0.000   -950.000 -1000.000  | 0.000   | -46.836
Node 0 : 0
Node 1 : 4.99013
Node 2 : 4.60091
Node 3 : 0
-----------------------------------
Step: 388  Time: 0.3880000
Mtx (6x6) | Vector x | Vector b
------------------------------------------
0.000   0.000   0.000   -1.000  -1.000  0.000    | 0.000   | 0.000  
0.000   0.010   -0.010  0.000   0.000   -1.000   | 0.000   | 0.000  
0.000   -0.010  0.010   0.000   0.000   1.000    | 0.000   | 0.000  
-1.000  0.000   0.000   0.000   0.000   0.000    | 0.000   | -4.990 
-1.000  0.000   0.000   0.000   -1000.000 -950.000  | 0.000   | -39.736
0.000   -1.000  1.000   0.000   -950.000 -1000.000  | 0.000   | -42.235
Node 0 : 0
Node 1 : 4.99013
Node 2 : 4.67165
Node 3 : 0
-----------------------------------
Step: 389  Time: 0.3890000
Mtx (6x6) | Vector x | Vector b
------------------------------------------
0.000   0.000   0.000   -1.000  -1.000  0.000    | 0.000   | 0.000  
0.000   0.010   -0.010  0.000   0.000   -1.000   | 0.000   | 0.000  
0.000   -0.010  0.010   0.000   0.000   1.000    | 0.000   | 0.000  
-1.000  0.000   0.000   0.000   0.000   0.000    | 0.000   | -4.911 
-1.000  0.000   0.000   0.000   -1000.000 -950.000  | 0.000   | -34.746
0.000   -1.000  1.000   0.000   -950.000 -1000.000  | 0.000   | -37.564
Node 0 : 0
Node 1 : 4.91144
Node 2 : 4.66872
Node 3 : 0
-----------------------------------
Step: 390  Time: 0.3900000
Mtx (6x6) | Vector x | Vector b
------------------------------------------
0.000   0.000   0.000   -1.000  -1.000  0.000    | 0.000   | 0.000  
0.000   0.010   -0.010  0.000   0.000   -1.000   | 0.000   | 0.000  
0.000   -0.010  0.010   0.000   0.000   1.000    | 0.000   | 0.000  
-1.000  0.000   0.000   0.000   0.000   0.000    | 0.000   | -4.755 
-1.000  0.000   0.000   0.000   -1000.000 -950.000  | 0.000   | -29.835
0.000   -1.000  1.000   0.000   -950.000 -1000.000  | 0.000   | -32.895
Node 0 : 0
Node 1 : 4.75528
Node 2 : 4.59216
Node 3 : 0
-----------------------------------
Step: 391  Time: 0.3910000
Mtx (6x6) | Vector x | Vector b
------------------------------------------
0.000   0.000   0.000   -1.000  -1.000  0.000    | 0.000   | 0.000  
0.000   0.010   -0.010  0.000   0.000   -1.000   | 0.000   | 0.000  
0.000   -0.010  0.010   0.000   0.000   1.000    | 0.000   | 0.000  
-1.000  0.000   0.000   0.000   0.000   0.000    | 0.000   | -4.524 
-1.000  0.000   0.000   0.000   -1000.000 -950.000  | 0.000   | -25.080
0.000   -1.000  1.000   0.000   -950.000 -1000.000  | 0.000   | -28.303
Node 0 : 0
Node 1 : 4.52414
Node 2 : 4.44318
Node 3 : 0
-----------------------------------
Step: 392  Time: 0.3920000
Mtx (6x6) | Vector x | Vector b
------------------------------------------
0.000   0.000   0.000   -1.000  -1.000  0.000    | 0.000   | 0.000  
0.000   0.010   -0.010  0.000   0.000   -1.000   | 0.000   | 0.000  
0.000   -0.010  0.010   0.000   0.000   1.000    | 0.000   | 0.000  
-1.000  0.000   0.000   0.000   0.000   0.000    | 0.000   | -4.222 
-1.000  0.000   0.000   0.000   -1000.000 -950.000  | 0.000   | -20.555
0.000   -1.000  1.000   0.000   -950.000 -1000.000  | 0.000   | -23.860
Node 0 : 0
Node 1 : 4.22164
Node 2 : 4.22413
Node 3 : 0
-----------------------------------
Step: 393  Time: 0.3930000
Mtx (6x6) | Vector x | Vector b
------------------------------------------
0.000   0.000   0.000   -1.000  -1.000  0.000    | 0.000   | 0.000  
0.000   0.010   -0.010  0.000   0.000   -1.000   | 0.000   | 0.000  
0.000   -0.010  0.010   0.000   0.000   1.000    | 0.000   | 0.000  
-1.000  0.000   0.000   0.000   0.000   0.000    | 0.000   | -3.853 
-1.000  0.000   0.000   0.000   -1000.000 -950.000  | 0.000   | -16.334
0.000   -1.000  1.000   0.000   -950.000 -1000.000  | 0.000   | -19.636
Node 0 : 0
Node 1 : 3.85257
Node 2 : 3.93846
Node 3 : 0
-----------------------------------
Step: 394  Time: 0.3940000
Mtx (6x6) | Vector x | Vector b
------------------------------------------
0.000   0.000   0.000   -1.000  -1.000  0.000    | 0.000   | 0.000  
0.000   0.010   -0.010  0.000   0.000   -1.000   | 0.000   | 0.000  
0.000   -0.010  0.010   0.000   0.000   1.000    | 0.000   | 0.000  
-1.000  0.000   0.000   0.000   0.000   0.000    | 0.000   | -3.423 
-1.000  0.000   0.000   0.000   -1000.000 -950.000  | 0.000   | -12.481
0.000   -1.000  1.000   0.000   -950.000 -1000.000  | 0.000   | -15.697
Node 0 : 0
Node 1 : 3.42274
Node 2 : 3.59068
Node 3 : 0
-----------------------------------
Step: 395  Time: 0.3950000
Mtx (6x6) | Vector x | Vector b
------------------------------------------
0.000   0.000   0.000   -1.000  -1.000  0.000    | 0.000   | 0.000  
0.000   0.010   -0.010  0.000   0.000   -1.000   | 0.000   | 0.000  
0.000   -0.010  0.010   0.000   0.000   1.000    | 0.000   | 0.000  
-1.000  0.000   0.000   0.000   0.000   0.000    | 0.000   | -2.939 
-1.000  0.000   0.000   0.000   -1000.000 -950.000  | 0.000   | -9.058 
0.000   -1.000  1.000   0.000   -950.000 -1000.000  | 0.000   | -12.106
Node 0 : 0
Node 1 : 2.93893
Node 2 : 3.18628
Node 3 : 0
-----------------------------------
Step: 396  Time: 0.3960000
Mtx (6x6) | Vector x | Vector b
------------------------------------------
0.000   0.000   0.000   -1.000  -1.000  0.000    | 0.000   | 0.000  
0.000   0.010   -0.010  0.000   0.000   -1.000   | 0.000   | 0.000  
0.000   -0.010  0.010   0.000   0.000   1.000    | 0.000   | 0.000  
-1.000  0.000   0.000   0.000   0.000   0.000    | 0.000   | -2.409 
-1.000  0.000   0.000   0.000   -1000.000 -950.000  | 0.000   | -6.120 
0.000   -1.000  1.000   0.000   -950.000 -1000.000  | 0.000   | -8.920 
Node 0 : 0
Node 1 : 2.40877
Node 2 : 2.73162
Node 3 : 0
-----------------------------------
Step: 397  Time: 0.3970000
Mtx (6x6) | Vector x | Vector b
------------------------------------------
0.000   0.000   0.000   -1.000  -1.000  0.000    | 0.000   | 0.000  
0.000   0.010   -0.010  0.000   0.000   -1.000   | 0.000   | 0.000  
0.000   -0.010  0.010   0.000   0.000   1.000    | 0.000   | 0.000  
-1.000  0.000   0.000   0.000   0.000   0.000    | 0.000   | -1.841 
-1.000  0.000   0.000   0.000   -1000.000 -950.000  | 0.000   | -3.711 
0.000   -1.000  1.000   0.000   -950.000 -1000.000  | 0.000   | -6.189 
Node 0 : 0
Node 1 : 1.84062
Node 2 : 2.23388
Node 3 : 0
-----------------------------------
Step: 398  Time: 0.3980000
Mtx (6x6) | Vector x | Vector b
------------------------------------------
0.000   0.000   0.000   -1.000  -1.000  0.000    | 0.000   | 0.000  
0.000   0.010   -0.010  0.000   0.000   -1.000   | 0.000   | 0.000  
0.000   -0.010  0.010   0.000   0.000   1.000    | 0.000   | 0.000  
-1.000  0.000   0.000   0.000   0.000   0.000    | 0.000   | -1.243 
-1.000  0.000   0.000   0.000   -1000.000 -950.000  | 0.000   | -1.870 
0.000   -1.000  1.000   0.000   -950.000 -1000.000  | 0.000   | -3.955 
Node 0 : 0
Node 1 : 1.24345
Node 2 : 1.70092
Node 3 : 0
-----------------------------------
Step: 399  Time: 0.3990000
Mtx (6x6) | Vector x | Vector b
------------------------------------------
0.000   0.000   0.000   -1.000  -1.000  0.000    | 0.000   | 0.000  
0.000   0.010   -0.010  0.000   0.000   -1.000   | 0.000   | 0.000  
0.000   -0.010  0.010   0.000   0.000   1.000    | 0.000   | 0.000  
-1.000  0.000   0.000   0.000   0.000   0.000    | 0.000   | -0.627 
-1.000  0.000   0.000   0.000   -1000.000 -950.000  | 0.000   | -0.627 
0.000   -1.000  1.000   0.000   -950.000 -1000.000  | 0.000   | -2.254 
Node 0 : 0
Node 1 : 0.626666
Node 2 : 1.14113
Node 3 : 0
-----------------------------------
Step: 400  Time: 0.4000000
Mtx (6x6) | Vector x | Vector b
------------------------------------------
0.000   0.000   0.000   -1.000  -1.000  0.000    | 0.000   | 0.000  
0.000   0.010   -0.010  0.000   0.000   -1.000   | 0.000   | 0.000  
0.000   -0.010  0.010   0.000   0.000   1.000    | 0.000   | 0.000  
-1.000  0.000   0.000   0.000   0.000   0.000    | 0.000   | 0.000  
-1.000  0.000   0.000   0.000   -1000.000 -950.000  | 0.000   | 0.000  
0.000   -1.000  1.000   0.000   -950.000 -1000.000  | 0.000   | -1.113 
Node 0 : 0
Node 1 : 0
Node 2 : 0.563342
Node 3 : 0
-----------------------------------
Step: 401  Time: 0.4010000
Mtx (6x6) | Vector x | Vector b
------------------------------------------
0.000   0.000   0.000   -1.000  -1.000  0.000    | 0.000   | 0.000  
0.000   0.010   -0.010  0.000   0.000   -1.000   | 0.000   | 0.000  
0.000   -0.010  0.010   0.000   0.000   1.000    | 0.000   | 0.000  
-1.000  0.000   0.000   0.000   0.000   0.000    | 0.000   | 0.627  
-1.000  0.000   0.000   0.000   -1000.000 -950.000  | 0.000   | 0.000  
0.000   -1.000  1.000   0.000   -950.000 -1000.000  | 0.000   | -0.549 
Node 0 : 0
Node 1 : -0.626666
Node 2 : -0.0233289
Node 3 : 0
-----------------------------------
Step: 402  Time: 0.4020000
Mtx (6x6) | Vector x | Vector b
------------------------------------------
0.000   0.000   0.000   -1.000  -1.000  0.000    | 0.000   | 0.000  
0.000   0.010   -0.010  0.000   0.000   -1.000   | 0.000   | 0.000  
0.000   -0.010  0.010   0.000   0.000   1.000    | 0.000   | 0.000  
-1.000  0.000   0.000   0.000   0.000   0.000    | 0.000   | 1.243  
-1.000  0.000   0.000   0.000   -1000.000 -950.000  | 0.000   | -0.627 
0.000   -1.000  1.000   0.000   -950.000 -1000.000  | 0.000   | -0.573 
Node 0 : 0
Node 1 : -1.24345
Node 2 : -0.609632
Node 3 : 0
-----------------------------------
Step: 403  Time: 0.4030000
Mtx (6x6) | Vector x | Vector b
------------------------------------------
0.000   0.000   0.000   -1.000  -1.000  0.000    | 0.000   | 0.000  
0.000   0.010   -0.010  0.000   0.000   -1.000   | 0.000   | 0.000  
0.000   -0.010  0.010   0.000   0.000   1.000    | 0.000   | 0.000  
-1.000  0.000   0.000   0.000   0.000   0.000    | 0.000   | 1.841  
-1.000  0.000   0.000   0.000   -1000.000 -950.000  | 0.000   | -1.870 
0.000   -1.000  1.000   0.000   -950.000 -1000.000  | 0.000   | -1.182 
Node 0 : 0
Node 1 : -1.84062
Node 2 : -1.18632
Node 3 : 0
-----------------------------------
Step: 404  Time: 0.4040000
Mtx (6x6) | Vector x | Vector b
------------------------------------------
0.000   0.000   0.000   -1.000  -1.000  0.000    | 0.000   | 0.000  
0.000   0.010   -0.010  0.000   0.000   -1.000   | 0.000   | 0.000  
0.000   -0.010  0.010   0.000   0.000   1.000    | 0.000   | 0.000  
-1.000  0.000   0.000   0.000   0.000   0.000    | 0.000   | 2.409  
-1.000  0.000   0.000   0.000   -1000.000 -950.000  | 0.000   | -3.711 
0.000   -1.000  1.000   0.000   -950.000 -1000.000  | 0.000   | -2.369 
Node 0 : 0
Node 1 : -2.40877
Node 2 : -1.7443
Node 3 : 0
-----------------------------------
Step: 405  Time: 0.4050000
Mtx (6x6) | Vector x | Vector b
------------------------------------------
0.000   0.000   0.000   -1.000  -1.000  0.000    | 0.000   | 0.000  
0.000   0.010   -0.010  0.000   0.000   -1.000   | 0.000   | 0.000  
0.000   -0.010  0.010   0.000   0.000   1.000    | 0.000   | 0.000  
-1.000  0.000   0.000   0.000   0.000   0.000    | 0.000   | 2.939  
-1.000  0.000   0.000   0.000   -1000.000 -950.000  | 0.000   | -6.120 
0.000   -1.000  1.000   0.000   -950.000 -1000.000  | 0.000   | -4.113 
Node 0 : 0
Node 1 : -2.93893
Node 2 : -2.27477
Node 3 : 0
-----------------------------------
Step: 406  Time: 0.4060000
Mtx (6x6) | Vector x | Vector b
------------------------------------------
0.000   0.000   0.000   -1.000  -1.000  0.000    | 0.000   | 0.000  
0.000   0.010   -0.010  0.000   0.000   -1.000   | 0.000   | 0.000  
0.000   -0.010  0.010   0.000   0.000   1.000    | 0.000   | 0.000  
-1.000  0.000   0.000   0.000   0.000   0.000    | 0.000   | 3.423  
-1.000  0.000   0.000   0.000   -1000.000 -950.000  | 0.000   | -9.058 
0.000   -1.000  1.000   0.000   -950.000 -1000.000  | 0.000   | -6.388 
Node 0 : 0
Node 1 : -3.42274
Node 2 : -2.76937
Node 3 : 0
-----------------------------------
Step: 407  Time: 0.4070000
Mtx (6x6) | Vector x | Vector b
------------------------------------------
0.000   0.000   0.000   -1.000  -1.000  0.000    | 0.000   | 0.000  
0.000   0.010   -0.010  0.000   0.000   -1.000   | 0.000   | 0.000  
0.000   -0.010  0.010   0.000   0.000   1.000    | 0.000   | 0.000  
-1.000  0.000   0.000   0.000   0.000   0.000    | 0.000   | 3.853  
-1.000  0.000   0.000   0.000   -1000.000 -950.000  | 0.000   | -12.481
0.000   -1.000  1.000   0.000   -950.000 -1000.000  | 0.000   | -9.157 
Node 0 : 0
Node 1 : -3.85257
Node 2 : -3.22029
Node 3 : 0
-----------------------------------
Step: 408  Time: 0.4080000
Mtx (6x6) | Vector x | Vector b
------------------------------------------
0.000   0.000   0.000   -1.000  -1.000  0.000    | 0.000   | 0.000  
0.000   0.010   -0.010  0.000   0.000   -1.000   | 0.000   | 0.000  
0.000   -0.010  0.010   0.000   0.000   1.000    | 0.000   | 0.000  
-1.000  0.000   0.000   0.000   0.000   0.000    | 0.000   | 4.222  
-1.000  0.000   0.000   0.000   -1000.000 -950.000  | 0.000   | -16.334
0.000   -1.000  1.000   0.000   -950.000 -1000.000  | 0.000   | -12.377
Node 0 : 0
Node 1 : -4.22164
Node 2 : -3.62043
Node 3 : 0
-----------------------------------
Step: 409  Time: 0.4090000
Mtx (6x6) | Vector x | Vector b
------------------------------------------
0.000   0.000   0.000   -1.000  -1.000  0.000    | 0.000   | 0.000  
0.000   0.010   -0.010  0.000   0.000   -1.000   | 0.000   | 0.000  
0.000   -0.010  0.010   0.000   0.000   1.000    | 0.000   | 0.000  
-1.000  0.000   0.000   0.000   0.000   0.000    | 0.000   | 4.524  
-1.000  0.000   0.000   0.000   -1000.000 -950.000  | 0.000   | -20.555
0.000   -1.000  1.000   0.000   -950.000 -1000.000  | 0.000   | -15.998
Node 0 : 0
Node 1 : -4.52414
Node 2 : -3.96346
Node 3 : 0
-----------------------------------
Step: 410  Time: 0.4100000
Mtx (6x6) | Vector x | Vector b
------------------------------------------
0.000   0.000   0.000   -1.000  -1.000  0.000    | 0.000   | 0.000  
0.000   0.010   -0.010  0.000   0.000   -1.000   | 0.000   | 0.000  
0.000   -0.010  0.010   0.000   0.000   1.000    | 0.000   | 0.000  
-1.000  0.000   0.000   0.000   0.000   0.000    | 0.000   | 4.755  
-1.000  0.000   0.000   0.000   -1000.000 -950.000  | 0.000   | -25.080
0.000   -1.000  1.000   0.000   -950.000 -1000.000  | 0.000   | -19.961
Node 0 : 0
Node 1 : -4.75528
Node 2 : -4.244
Node 3 : 0
-----------------------------------
Step: 411  Time: 0.4110000
Mtx (6x6) | Vector x | Vector b
------------------------------------------
0.000   0.000   0.000   -1.000  -1.000  0.000    | 0.000   | 0.000  
0.000   0.010   -0.010  0.000   0.000   -1.000   | 0.000   | 0.000  
0.000   -0.010  0.010   0.000   0.000   1.000    | 0.000   | 0.000  
-1.000  0.000   0.000   0.000   0.000   0.000    | 0.000   | 4.911  
-1.000  0.000   0.000   0.000   -1000.000 -950.000  | 0.000   | -29.835
0.000   -1.000  1.000   0.000   -950.000 -1000.000  | 0.000   | -24.205
Node 0 : 0
Node 1 : -4.91144
Node 2 : -4.4576
Node 3 : 0
-----------------------------------
Step: 412  Time: 0.4120000
Mtx (6x6) | Vector x | Vector b
------------------------------------------
0.000   0.000   0.000   -1.000  -1.000  0.000    | 0.000   | 0.000  
0.000   0.010   -0.010  0.000   0.000   -1.000   | 0.000   | 0.000  
0.000   -0.010  0.010   0.000   0.000   1.000    | 0.000   | 0.000  
-1.000  0.000   0.000   0.000   0.000   0.000    | 0.000   | 4.990  
-1.000  0.000   0.000   0.000   -1000.000 -950.000  | 0.000   | -34.746
0.000   -1.000  1.000   0.000   -950.000 -1000.000  | 0.000   | -28.663
Node 0 : 0
Node 1 : -4.99013
Node 2 : -4.60091
Node 3 : 0
-----------------------------------
Step: 413  Time: 0.4130000
Mtx (6x6) | Vector x | Vector b
------------------------------------------
0.000   0.000   0.000   -1.000  -1.000  0.000    | 0.000   | 0.000  
0.000   0.010   -0.010  0.000   0.000   -1.000   | 0.000   | 0.000  
0.000   -0.010  0.010   0.000   0.000   1.000    | 0.000   | 0.000  
-1.000  0.000   0.000   0.000   0.000   0.000    | 0.000   | 4.990  
-1.000  0.000   0.000   0.000   -1000.000 -950.000  | 0.000   | -39.736
0.000   -1.000  1.000   0.000   -950.000 -1000.000  | 0.000   | -33.264
Node 0 : 0
Node 1 : -4.99013
Node 2 : -4.67165
Node 3 : 0
-----------------------------------
Step: 414  Time: 0.4140000
Mtx (6x6) | Vector x | Vector b
------------------------------------------
0.000   0.000   0.000   -1.000  -1.000  0.000    | 0.000   | 0.000  
0.000   0.010   -0.010  0.000   0.000   -1.000   | 0.000   | 0.000  
0.000   -0.010  0.010   0.000   0.000   1.000    | 0.000   | 0.000  
-1.000  0.000   0.000   0.000   0.000   0.000    | 0.000   | 4.911  
-1.000  0.000   0.000   0.000   -1000.000 -950.000  | 0.000   | -44.726
0.000   -1.000  1.000   0.000   -950.000 -1000.000  | 0.000   | -37.935
Node 0 : 0
Node 1 : -4.91144
Node 2 : -4.66872
Node 3 : 0
-----------------------------------
Step: 415  Time: 0.4150000
Mtx (6x6) | Vector x | Vector b
------------------------------------------
0.000   0.000   0.000   -1.000  -1.000  0.000    | 0.000   | 0.000  
0.000   0.010   -0.010  0.000   0.000   -1.000   | 0.000   | 0.000  
0.000   -0.010  0.010   0.000   0.000   1.000    | 0.000   | 0.000  
-1.000  0.000   0.000   0.000   0.000   0.000    | 0.000   | 4.755  
-1.000  0.000   0.000   0.000   -1000.000 -950.000  | 0.000   | -49.638
0.000   -1.000  1.000   0.000   -950.000 -1000.000  | 0.000   | -42.604
Node 0 : 0
Node 1 : -4.75528
Node 2 : -4.59216
Node 3 : 0
-----------------------------------
Step: 416  Time: 0.4160000
Mtx (6x6) | Vector x | Vector b
------------------------------------------
0.000   0.000   0.000   -1.000  -1.000  0.000    | 0.000   | 0.000  
0.000   0.010   -0.010  0.000   0.000   -1.000   | 0.000   | 0.000  
0.000   -0.010  0.010   0.000   0.000   1.000    | 0.000   | 0.000  
-1.000  0.000   0.000   0.000   0.000   0.000    | 0.000   | 4.524  
-1.000  0.000   0.000   0.000   -1000.000 -950.000  | 0.000   | -54.393
0.000   -1.000  1.000   0.000   -950.000 -1000.000  | 0.000   | -47.196
Node 0 : 0
Node 1 : -4.52414
Node 2 : -4.44318
Node 3 : 0
-----------------------------------
Step: 417  Time: 0.4170000
Mtx (6x6) | Vector x | Vector b
------------------------------------------
0.000   0.000   0.000   -1.000  -1.000  0.000    | 0.000   | 0.000  
0.000   0.010   -0.010  0.000   0.000   -1.000   | 0.000   | 0.000  
0.000   -0.010  0.010   0.000   0.000   1.000    | 0.000   | 0.000  
-1.000  0.000   0.000   0.000   0.000   0.000    | 0.000   | 4.222  
-1.000  0.000   0.000   0.000   -1000.000 -950.000  | 0.000   | -58.917
0.000   -1.000  1.000   0.000   -950.000 -1000.000  | 0.000   | -51.639
Node 0 : 0
Node 1 : -4.22164
Node 2 : -4.22413
Node 3 : 0
-----------------------------------
Step: 418  Time: 0.4180000
Mtx (6x6) | Vector x | Vector b
------------------------------------------
0.000   0.000   0.000   -1.000  -1.000  0.000    | 0.000   | 0.000  
0.000   0.010   -0.010  0.000   0.000   -1.000   | 0.000   | 0.000  
0.000   -0.010  0.010   0.000   0.000   1.000    | 0.000   | 0.000  
-1.000  0.000   0.000   0.000   0.000   0.000    | 0.000   | 3.853  
-1.000  0.000   0.000   0.000   -1000.000 -950.000  | 0.000   | -63.139
0.000   -1.000  1.000   0.000   -950.000 -1000.000  | 0.000   | -55.864
Node 0 : 0
Node 1 : -3.85257
Node 2 : -3.93846
Node 3 : 0
-----------------------------------
Step: 419  Time: 0.4190000
Mtx (6x6) | Vector x | Vector b
------------------------------------------
0.000   0.000   0.000   -1.000  -1.000  0.000    | 0.000   | 0.000  
0.000   0.010   -0.010  0.000   0.000   -1.000   | 0.000   | 0.000  
0.000   -0.010  0.010   0.000   0.000   1.000    | 0.000   | 0.000  
-1.000  0.000   0.000   0.000   0.000   0.000    | 0.000   | 3.423  
-1.000  0.000   0.000   0.000   -1000.000 -950.000  | 0.000   | -66.992
0.000   -1.000  1.000   0.000   -950.000 -1000.000  | 0.000   | -59.802
Node 0 : 0
Node 1 : -3.42274
Node 2 : -3.59068
Node 3 : 0
-----------------------------------
Step: 420  Time: 0.4200000
Mtx (6x6) | Vector x | Vector b
------------------------------------------
0.000   0.000   0.000   -1.000  -1.000  0.000    | 0.000   | 0.000  
0.000   0.010   -0.010  0.000   0.000   -1.000   | 0.000   | 0.000  
0.000   -0.010  0.010   0.000   0.000   1.000    | 0.000   | 0.000  
-1.000  0.000   0.000   0.000   0.000   0.000    | 0.000   | 2.939  
-1.000  0.000   0.000   0.000   -1000.000 -950.000  | 0.000   | -70.414
0.000   -1.000  1.000   0.000   -950.000 -1000.000  | 0.000   | -63.393
Node 0 : 0
Node 1 : -2.93893
Node 2 : -3.18628
Node 3 : 0
-----------------------------------
Step: 421  Time: 0.4210000
Mtx (6x6) | Vector x | Vector b
------------------------------------------
0.000   0.000   0.000   -1.000  -1.000  0.000    | 0.000   | 0.000  
0.000   0.010   -0.010  0.000   0.000   -1.000   | 0.000   | 0.000  
0.000   -0.010  0.010   0.000   0.000   1.000    | 0.000   | 0.000  
-1.000  0.000   0.000   0.000   0.000   0.000    | 0.000   | 2.409  
-1.000  0.000   0.000   0.000   -1000.000 -950.000  | 0.000   | -73.353
0.000   -1.000  1.000   0.000   -950.000 -1000.000  | 0.000   | -66.579
Node 0 : 0
Node 1 : -2.40877
Node 2 : -2.73162
Node 3 : 0
-----------------------------------
Step: 422  Time: 0.4220000
Mtx (6x6) | Vector x | Vector b
------------------------------------------
0.000   0.000   0.000   -1.000  -1.000  0.000    | 0.000   | 0.000  
0.000   0.010   -0.010  0.000   0.000   -1.000   | 0.000   | 0.000  
0.000   -0.010  0.010   0.000   0.000   1.000    | 0.000   | 0.000  
-1.000  0.000   0.000   0.000   0.000   0.000    | 0.000   | 1.841  
-1.000  0.000   0.000   0.000   -1000.000 -950.000  | 0.000   | -75.762
0.000   -1.000  1.000   0.000   -950.000 -1000.000  | 0.000   | -69.311
Node 0 : 0
Node 1 : -1.84062
Node 2 : -2.23388
Node 3 : 0
-----------------------------------
Step: 423  Time: 0.4230000
Mtx (6x6) | Vector x | Vector b
------------------------------------------
0.000   0.000   0.000   -1.000  -1.000  0.000    | 0.000   | 0.000  
0.000   0.010   -0.010  0.000   0.000   -1.000   | 0.000   | 0.000  
0.000   -0.010  0.010   0.000   0.000   1.000    | 0.000   | 0.000  
-1.000  0.000   0.000   0.000   0.000   0.000    | 0.000   | 1.243  
-1.000  0.000   0.000   0.000   -1000.000 -950.000  | 0.000   | -77.603
0.000   -1.000  1.000   0.000   -950.000 -1000.000  | 0.000   | -71.544
Node 0 : 0
Node 1 : -1.24345
Node 2 : -1.70092
Node 3 : 0
-----------------------------------
Step: 424  Time: 0.4240000
Mtx (6x6) | Vector x | Vector b
------------------------------------------
0.000   0.000   0.000   -1.000  -1.000  0.000    | 0.000   | 0.000  
0.000   0.010   -0.010  0.000   0.000   -1.000   | 0.000   | 0.000  
0.000   -0.010  0.010   0.000   0.000   1.000    | 0.000   | 0.000  
-1.000  0.000   0.000   0.000   0.000   0.000    | 0.000   | 0.627  
-1.000  0.000   0.000   0.000   -1000.000 -950.000  | 0.000   | -78.846
0.000   -1.000  1.000   0.000   -950.000 -1000.000  | 0.000   | -73.245
Node 0 : 0
Node 1 : -0.626666
Node 2 : -1.14113
Node 3 : 0
-----------------------------------
Step: 425  Time: 0.4250000
Mtx (6x6) | Vector x | Vector b
------------------------------------------
0.000   0.000   0.000   -1.000  -1.000  0.000    | 0.000   | 0.000  
0.000   0.010   -0.010  0.000   0.000   -1.000   | 0.000   | 0.000  
0.000   -0.010  0.010   0.000   0.000   1.000    | 0.000   | 0.000  
-1.000  0.000   0.000   0.000   0.000   0.000    | 0.000   | -0.000 
-1.000  0.000   0.000   0.000   -1000.000 -950.000  | 0.000   | -79.473
0.000   -1.000  1.000   0.000   -950.000 -1000.000  | 0.000   | -74.386
Node 0 : 0
Node 1 : 0
Node 2 : -0.563342
Node 3 : 0
-----------------------------------
Step: 426  Time: 0.4260000
Mtx (6x6) | Vector x | Vector b
------------------------------------------
0.000   0.000   0.000   -1.000  -1.000  0.000    | 0.000   | 0.000  
0.000   0.010   -0.010  0.000   0.000   -1.000   | 0.000   | 0.000  
0.000   -0.010  0.010   0.000   0.000   1.000    | 0.000   | 0.000  
-1.000  0.000   0.000   0.000   0.000   0.000    | 0.000   | -0.627 
-1.000  0.000   0.000   0.000   -1000.000 -950.000  | 0.000   | -79.473
0.000   -1.000  1.000   0.000   -950.000 -1000.000  | 0.000   | -74.950
Node 0 : 0
Node 1 : 0.626666
Node 2 : 0.0233289
Node 3 : 0
-----------------------------------
Step: 427  Time: 0.4270000
Mtx (6x6) | Vector x | Vector b
------------------------------------------
0.000   0.000   0.000   -1.000  -1.000  0.000    | 0.000   | 0.000  
0.000   0.010   -0.010  0.000   0.000   -1.000   | 0.000   | 0.000  
0.000   -0.010  0.010   0.000   0.000   1.000    | 0.000   | 0.000  
-1.000  0.000   0.000   0.000   0.000   0.000    | 0.000   | -1.243 
-1.000  0.000   0.000   0.000   -1000.000 -950.000  | 0.000   | -78.846
0.000   -1.000  1.000   0.000   -950.000 -1000.000  | 0.000   | -74.927
Node 0 : 0
Node 1 : 1.24345
Node 2 : 0.609632
Node 3 : 0
-----------------------------------
Step: 428  Time: 0.4280000
Mtx (6x6) | Vector x | Vector b
------------------------------------------
0.000   0.000   0.000   -1.000  -1.000  0.000    | 0.000   | 0.000  
0.000   0.010   -0.010  0.000   0.000   -1.000   | 0.000   | 0.000  
0.000   -0.010  0.010   0.000   0.000   1.000    | 0.000   | 0.000  
-1.000  0.000   0.000   0.000   0.000   0.000    | 0.000   | -1.841 
-1.000  0.000   0.000   0.000   -1000.000 -950.000  | 0.000   | -77.603
0.000   -1.000  1.000   0.000   -950.000 -1000.000  | 0.000   | -74.317
Node 0 : 0
Node 1 : 1.84062
Node 2 : 1.18632
Node 3 : 0
-----------------------------------
Step: 429  Time: 0.4290000
Mtx (6x6) | Vector x | Vector b
------------------------------------------
0.000   0.000   0.000   -1.000  -1.000  0.000    | 0.000   | 0.000  
0.000   0.010   -0.010  0.000   0.000   -1.000   | 0.000   | 0.000  
0.000   -0.010  0.010   0.000   0.000   1.000    | 0.000   | 0.000  
-1.000  0.000   0.000   0.000   0.000   0.000    | 0.000   | -2.409 
-1.000  0.000   0.000   0.000   -1000.000 -950.000  | 0.000   | -75.762
0.000   -1.000  1.000   0.000   -950.000 -1000.000  | 0.000   | -73.131
Node 0 : 0
Node 1 : 2.40877
Node 2 : 1.7443
Node 3 : 0
-----------------------------------
Step: 430  Time: 0.4300000
Mtx (6x6) | Vector x | Vector b
------------------------------------------
0.000   0.000   0.000   -1.000  -1.000  0.000    | 0.000   | 0.000  
0.000   0.010   -0.010  0.000   0.000   -1.000   | 0.000   | 0.000  
0.000   -0.010  0.010   0.000   0.000   1.000    | 0.000   | 0.000  
-1.000  0.000   0.000   0.000   0.000   0.000    | 0.000   | -2.939 
-1.000  0.000   0.000   0.000   -1000.000 -950.000  | 0.000   | -73.353
0.000   -1.000  1.000   0.000   -950.000 -1000.000  | 0.000   | -71.386
Node 0 : 0
Node 1 : 2.93893
Node 2 : 2.27477
Node 3 : 0
-----------------------------------
Step: 431  Time: 0.4310000
Mtx (6x6) | Vector x | Vector b
------------------------------------------
0.000   0.000   0.000   -1.000  -1.000  0.000    | 0.000   | 0.000  
0.000   0.010   -0.010  0.000   0.000   -1.000   | 0.000   | 0.000  
0.000   -0.010  0.010   0.000   0.000   1.000    | 0.000   | 0.000  
-1.000  0.000   0.000   0.000   0.000   0.000    | 0.000   | -3.423 
-1.000  0.000   0.000   0.000   -1000.000 -950.000  | 0.000   | -70.414
0.000   -1.000  1.000   0.000   -950.000 -1000.000  | 0.000   | -69.111
Node 0 : 0
Node 1 : 3.42274
Node 2 : 2.76937
Node 3 : 0
-----------------------------------
Step: 432  Time: 0.4320000
Mtx (6x6) | Vector x | Vector b
------------------------------------------
0.000   0.000   0.000   -1.000  -1.000  0.000    | 0.000   | 0.000  
0.000   0.010   -0.010  0.000   0.000   -1.000   | 0.000   | 0.000  
0.000   -0.010  0.010   0.000   0.000   1.000    | 0.000   | 0.000  
-1.000  0.000   0.000   0.000   0.000   0.000    | 0.000   | -3.853 
-1.000  0.000   0.000   0.000   -1000.000 -950.000  | 0.000   | -66.992
0.000   -1.000  1.000   0.000   -950.000 -1000.000  | 0.000   | -66.342
Node 0 : 0
Node 1 : 3.85257
Node 2 : 3.22029
Node 3 : 0
-----------------------------------
Step: 433  Time: 0.4330000
Mtx (6x6) | Vector x | Vector b
------------------------------------------
0.000   0.000   0.000   -1.000  -1.000  0.000    | 0.000   | 0.000  
0.000   0.010   -0.010  0.000   0.000   -1.000   | 0.000   | 0.000  
0.000   -0.010  0.010   0.000   0.000   1.000    | 0.000   | 0.000  
-1.000  0.000   0.000   0.000   0.000   0.000    | 0.000   | -4.222 
-1.000  0.000   0.000   0.000   -1000.000 -950.000  | 0.000   | -63.139
0.000   -1.000  1.000   0.000   -950.000 -1000.000  | 0.000   | -63.122
Node 0 : 0
Node 1 : 4.22164
Node 2 : 3.62043
Node 3 : 0
-----------------------------------
Step: 434  Time: 0.4340000
Mtx (6x6) | Vector x | Vector b
------------------------------------------
0.000   0.000   0.000   -1.000  -1.000  0.000    | 0.000   | 0.000  
0.000   0.010   -0.010  0.000   0.000   -1.000   | 0.000   | 0.000  
0.000   -0.010  0.010   0.000   0.000   1.000    | 0.000   | 0.000  
-1.000  0.000   0.000   0.000   0.000   0.000    | 0.000   | -4.524 
-1.000  0.000   0.000   0.000   -1000.000 -950.000  | 0.000   | -58.917
0.000   -1.000  1.000   0.000   -950.000 -1000.000  | 0.000   | -59.501
Node 0 : 0
Node 1 : 4.52414
Node 2 : 3.96346
Node 3 : 0
-----------------------------------
Step: 435  Time: 0.4350000
Mtx (6x6) | Vector x | Vector b
------------------------------------------
0.000   0.000   0.000   -1.000  -1.000  0.000    | 0.000   | 0.000  
0.000   0.010   -0.010  0.000   0.000   -1.000   | 0.000   | 0.000  
0.000   -0.010  0.010   0.000   0.000   1.000    | 0.000   | 0.000  
-1.000  0.000   0.000   0.000   0.000   0.000    | 0.000   | -4.755 
-1.000  0.000   0.000   0.000   -1000.000 -950.000  | 0.000   | -54.393
0.000   -1.000  1.000   0.000   -950.000 -1000.000  | 0.000   | -55.538
Node 0 : 0
Node 1 : 4.75528
Node 2 : 4.244
Node 3 : 0
-----------------------------------
Step: 436  Time: 0.4360000
Mtx (6x6) | Vector x | Vector b
------------------------------------------
0.000   0.000   0.000   -1.000  -1.000  0.000    | 0.000   | 0.000  
0.000   0.010   -0.010  0.000   0.000   -1.000   | 0.000   | 0.000  
0.000   -0.010  0.010   0.000   0.000   1.000    | 0.000   | 0.000  
-1.000  0.000   0.000   0.000   0.000   0.000    | 0.000   | -4.911 
-1.000  0.000   0.000   0.000   -1000.000 -950.000  | 0.000   | -49.638
0.000   -1.000  1.000   0.000   -950.000 -1000.000  | 0.000   | -51.294
Node 0 : 0
Node 1 : 4.91144
Node 2 : 4.4576
Node 3 : 0
-----------------------------------
Step: 437  Time: 0.4370000
Mtx (6x6) | Vector x | Vector b
------------------------------------------
0.000   0.000   0.000   -1.000  -1.000  0.000    | 0.000   | 0.000  
0.000   0.010   -0.010  0.000   0.000   -1.000   | 0.000   | 0.000  
0.000   -0.010  0.010   0.000   0.000   1.000    | 0.000   | 0.000  
-1.000  0.000   0.000   0.000   0.000   0.000    | 0.000   | -4.990 
-1.000  0.000   0.000   0.000   -1000.000 -950.000  | 0.000   | -44.726
0.000   -1.000  1.000   0.000   -950.000 -1000.000  | 0.000   | -46.836
Node 0 : 0
Node 1 : 4.99013
Node 2 : 4.60091
Node 3 : 0
-----------------------------------
Step: 438  Time: 0.4380000
Mtx (6x6) | Vector x | Vector b
------------------------------------------
0.000   0.000   0.000   -1.000  -1.000  0.000    | 0.000   | 0.000  
0.000   0.010   -0.010  0.000   0.000   -1.000   | 0.000   | 0.000  
0.000   -0.010  0.010   0.000   0.000   1.000    | 0.000   | 0.000  
-1.000  0.000   0.000   0.000   0.000   0.000    | 0.000   | -4.990 
-1.000  0.000   0.000   0.000   -1000.000 -950.000  | 0.000   | -39.736
0.000   -1.000  1.000   0.000   -950.000 -1000.000  | 0.000   | -42.235
Node 0 : 0
Node 1 : 4.99013
Node 2 : 4.67165
Node 3 : 0
-----------------------------------
Step: 439  Time: 0.4390000
Mtx (6x6) | Vector x | Vector b
------------------------------------------
0.000   0.000   0.000   -1.000  -1.000  0.000    | 0.000   | 0.000  
0.000   0.010   -0.010  0.000   0.000   -1.000   | 0.000   | 0.000  
0.000   -0.010  0.010   0.000   0.000   1.000    | 0.000   | 0.000  
-1.000  0.000   0.000   0.000   0.000   0.000    | 0.000   | -4.911 
-1.000  0.000   0.000   0.000   -1000.000 -950.000  | 0.000   | -34.746
0.000   -1.000  1.000   0.000   -950.000 -1000.000  | 0.000   | -37.564
Node 0 : 0
Node 1 : 4.91144
Node 2 : 4.66872
Node 3 : 0
-----------------------------------
Step: 440  Time: 0.4400000
Mtx (6x6) | Vector x | Vector b
------------------------------------------
0.000   0.000   0.000   -1.000  -1.000  0.000    | 0.000   | 0.000  
0.000   0.010   -0.010  0.000   0.000   -1.000   | 0.000   | 0.000  
0.000   -0.010  0.010   0.000   0.000   1.000    | 0.000   | 0.000  
-1.000  0.000   0.000   0.000   0.000   0.000    | 0.000   | -4.755 
-1.000  0.000   0.000   0.000   -1000.000 -950.000  | 0.000   | -29.835
0.000   -1.000  1.000   0.000   -950.000 -1000.000  | 0.000   | -32.895
Node 0 : 0
Node 1 : 4.75528
Node 2 : 4.59216
Node 3 : 0
-----------------------------------
Step: 441  Time: 0.4410000
Mtx (6x6) | Vector x | Vector b
------------------------------------------
0.000   0.000   0.000   -1.000  -1.000  0.000    | 0.000   | 0.000  
0.000   0.010   -0.010  0.000   0.000   -1.000   | 0.000   | 0.000  
0.000   -0.010  0.010   0.000   0.000   1.000    | 0.000   | 0.000  
-1.000  0.000   0.000   0.000   0.000   0.000    | 0.000   | -4.524 
-1.000  0.000   0.000   0.000   -1000.000 -950.000  | 0.000   | -25.080
0.000   -1.000  1.000   0.000   -950.000 -1000.000  | 0.000   | -28.303
Node 0 : 0
Node 1 : 4.52414
Node 2 : 4.44318
Node 3 : 0
-----------------------------------
Step: 442  Time: 0.4420000
Mtx (6x6) | Vector x | Vector b
------------------------------------------
0.000   0.000   0.000   -1.000  -1.000  0.000    | 0.000   | 0.000  
0.000   0.010   -0.010  0.000   0.000   -1.000   | 0.000   | 0.000  
0.000   -0.010  0.010   0.000   0.000   1.000    | 0.000   | 0.000  
-1.000  0.000   0.000   0.000   0.000   0.000    | 0.000   | -4.222 
-1.000  0.000   0.000   0.000   -1000.000 -950.000  | 0.000   | -20.555
0.000   -1.000  1.000   0.000   -950.000 -1000.000  | 0.000   | -23.860
Node 0 : 0
Node 1 : 4.22164
Node 2 : 4.22413
Node 3 : 0
-----------------------------------
Step: 443  Time: 0.4430000
Mtx (6x6) | Vector x | Vector b
------------------------------------------
0.000   0.000   0.000   -1.000  -1.000  0.000    | 0.000   | 0.000  
0.000   0.010   -0.010  0.000   0.000   -1.000   | 0.000   | 0.000  
0.000   -0.010  0.010   0.000   0.000   1.000    | 0.000   | 0.000  
-1.000  0.000   0.000   0.000   0.000   0.000    | 0.000   | -3.853 
-1.000  0.000   0.000   0.000   -1000.000 -950.000  | 0.000   | -16.334
0.000   -1.000  1.000   0.000   -950.000 -1000.000  | 0.000   | -19.636
Node 0 : 0
Node 1 : 3.85257
Node 2 : 3.93846
Node 3 : 0
-----------------------------------
Step: 444  Time: 0.4440000
Mtx (6x6) | Vector x | Vector b
------------------------------------------
0.000   0.000   0.000   -1.000  -1.000  0.000    | 0.000   | 0.000  
0.000   0.010   -0.010  0.000   0.000   -1.000   | 0.000   | 0.000  
0.000   -0.010  0.010   0.000   0.000   1.000    | 0.000   | 0.000  
-1.000  0.000   0.000   0.000   0.000   0.000    | 0.000   | -3.423 
-1.000  0.000   0.000   0.000   -1000.000 -950.000  | 0.000   | -12.481
0.000   -1.000  1.000   0.000   -950.000 -1000.000  | 0.000   | -15.697
Node 0 : 0
Node 1 : 3.42274
Node 2 : 3.59068
Node 3 : 0
-----------------------------------
Step: 445  Time: 0.4450000
Mtx (6x6) | Vector x | Vector b
------------------------------------------
0.000   0.000   0.000   -1.000  -1.000  0.000    | 0.000   | 0.000  
0.000   0.010   -0.010  0.000   0.000   -1.000   | 0.000   | 0.000  
0.000   -0.010  0.010   0.000   0.000   1.000    | 0.000   | 0.000  
-1.000  0.000   0.000   0.000   0.000   0.000    | 0.000   | -2.939 
-1.000  0.000   0.000   0.000   -1000.000 -950.000  | 0.000   | -9.058 
0.000   -1.000  1.000   0.000   -950.000 -1000.000  | 0.000   | -12.106
Node 0 : 0
Node 1 : 2.93893
Node 2 : 3.18628
Node 3 : 0
-----------------------------------
Step: 446  Time: 0.4460000
Mtx (6x6) | Vector x | Vector b
------------------------------------------
0.000   0.000   0.000   -1.000  -1.000  0.000    | 0.000   | 0.000  
0.000   0.010   -0.010  0.000   0.000   -1.000   | 0.000   | 0.000  
0.000   -0.010  0.010   0.000   0.000   1.000    | 0.000   | 0.000  
-1.000  0.000   0.000   0.000   0.000   0.000    | 0.000   | -2.409 
-1.000  0.000   0.000   0.000   -1000.000 -950.000  | 0.000   | -6.120 
0.000   -1.000  1.000   0.000   -950.000 -1000.000  | 0.000   | -8.920 
Node 0 : 0
Node 1 : 2.40877
Node 2 : 2.73162
Node 3 : 0
-----------------------------------
Step: 447  Time: 0.4470000
Mtx (6x6) | Vector x | Vector b
------------------------------------------
0.000   0.000   0.000   -1.000  -1.000  0.000    | 0.000   | 0.000  
0.000   0.010   -0.010  0.000   0.000   -1.000   | 0.000   | 0.000  
0.000   -0.010  0.010   0.000   0.000   1.000    | 0.000   | 0.000  
-1.000  0.000   0.000   0.000   0.000   0.000    | 0.000   | -1.841 
-1.000  0.000   0.000   0.000   -1000.000 -950.000  | 0.000   | -3.711 
0.000   -1.000  1.000   0.000   -950.000 -1000.000  | 0.000   | -6.189 
Node 0 : 0
Node 1 : 1.84062
Node 2 : 2.23388
Node 3 : 0
-----------------------------------
Step: 448  Time: 0.4480000
Mtx (6x6) | Vector x | Vector b
------------------------------------------
0.000   0.000   0.000   -1.000  -1.000  0.000    | 0.000   | 0.000  
0.000   0.010   -0.010  0.000   0.000   -1.000   | 0.000   | 0.000  
0.000   -0.010  0.010   0.000   0.000   1.000    | 0.000   | 0.000  
-1.000  0.000   0.000   0.000   0.000   0.000    | 0.000   | -1.243 
-1.000  0.000   0.000   0.000   -1000.000 -950.000  | 0.000   | -1.870 
0.000   -1.000  1.000   0.000   -950.000 -1000.000  | 0.000   | -3.955 
Node 0 : 0
Node 1 : 1.24345
Node 2 : 1.70092
Node 3 : 0
-----------------------------------
Step: 449  Time: 0.4490000
Mtx (6x6) | Vector x | Vector b
------------------------------------------
0.000   0.000   0.000   -1.000  -1.000  0.000    | 0.000   | 0.000  
0.000   0.010   -0.010  0.000   0.000   -1.000   | 0.000   | 0.000  
0.000   -0.010  0.010   0.000   0.000   1.000    | 0.000   | 0.000  
-1.000  0.000   0.000   0.000   0.000   0.000    | 0.000   | -0.627 
-1.000  0.000   0.000   0.000   -1000.000 -950.000  | 0.000   | -0.627 
0.000   -1.000  1.000   0.000   -950.000 -1000.000  | 0.000   | -2.254 
Node 0 : 0
Node 1 : 0.626666
Node 2 : 1.14113
Node 3 : 0
-----------------------------------
Step: 450  Time: 0.4500000
Mtx (6x6) | Vector x | Vector b
------------------------------------------
0.000   0.000   0.000   -1.000  -1.000  0.000    | 0.000   | 0.000  
0.000   0.010   -0.010  0.000   0.000   -1.000   | 0.000   | 0.000  
0.000   -0.010  0.010   0.000   0.000   1.000    | 0.000   | 0.000  
-1.000  0.000   0.000   0.000   0.000   0.000    | 0.000   | 0.000  
-1.000  0.000   0.000   0.000   -1000.000 -950.000  | 0.000   | 0.000  
0.000   -1.000  1.000   0.000   -950.000 -1000.000  | 0.000   | -1.113 
Node 0 : 0
Node 1 : 0
Node 2 : 0.563342
Node 3 : 0
-----------------------------------
Step: 451  Time: 0.4510000
Mtx (6x6) | Vector x | Vector b
------------------------------------------
0.000   0.000   0.000   -1.000  -1.000  0.000    | 0.000   | 0.000  
0.000   0.010   -0.010  0.000   0.000   -1.000   | 0.000   | 0.000  
0.000   -0.010  0.010   0.000   0.000   1.000    | 0.000   | 0.000  
-1.000  0.000   0.000   0.000   0.000   0.000    | 0.000   | 0.627  
-1.000  0.000   0.000   0.000   -1000.000 -950.000  | 0.000   | 0.000  
0.000   -1.000  1.000   0.000   -950.000 -1000.000  | 0.000   | -0.549 
Node 0 : 0
Node 1 : -0.626666
Node 2 : -0.0233289
Node 3 : 0
-----------------------------------
Step: 452  Time: 0.4520000
Mtx (6x6) | Vector x | Vector b
------------------------------------------
0.000   0.000   0.000   -1.000  -1.000  0.000    | 0.000   | 0.000  
0.000   0.010   -0.010  0.000   0.000   -1.000   | 0.000   | 0.000  
0.000   -0.010  0.010   0.000   0.000   1.000    | 0.000   | 0.000  
-1.000  0.000   0.000   0.000   0.000   0.000    | 0.000   | 1.243  
-1.000  0.000   0.000   0.000   -1000.000 -950.000  | 0.000   | -0.627 
0.000   -1.000  1.000   0.000   -950.000 -1000.000  | 0.000   | -0.573 
Node 0 : 0
Node 1 : -1.24345
Node 2 : -0.609632
Node 3 : 0
-----------------------------------
Step: 453  Time: 0.4530000
Mtx (6x6) | Vector x | Vector b
------------------------------------------
0.000   0.000   0.000   -1.000  -1.000  0.000    | 0.000   | 0.000  
0.000   0.010   -0.010  0.000   0.000   -1.000   | 0.000   | 0.000  
0.000   -0.010  0.010   0.000   0.000   1.000    | 0.000   | 0.000  
-1.000  0.000   0.000   0.000   0.000   0.000    | 0.000   | 1.841  
-1.000  0.000   0.000   0.000   -1000.000 -950.000  | 0.000   | -1.870 
0.000   -1.000  1.000   0.000   -950.000 -1000.000  | 0.000   | -1.182 
Node 0 : 0
Node 1 : -1.84062
Node 2 : -1.18632
Node 3 : 0
-----------------------------------
Step: 454  Time: 0.4540000
Mtx (6x6) | Vector x | Vector b
------------------------------------------
0.000   0.000   0.000   -1.000  -1.000  0.000    | 0.000   | 0.000  
0.000   0.010   -0.010  0.000   0.000   -1.000   | 0.000   | 0.000  
0.000   -0.010  0.010   0.000   0.000   1.000    | 0.000   | 0.000  
-1.000  0.000   0.000   0.000   0.000   0.000    | 0.000   | 2.409  
-1.000  0.000   0.000   0.000   -1000.000 -950.000  | 0.000   | -3.711 
0.000   -1.000  1.000   0.000   -950.000 -1000.000  | 0.000   | -2.369 
Node 0 : 0
Node 1 : -2.40877
Node 2 : -1.7443
Node 3 : 0
-----------------------------------
Step: 455  Time: 0.4550000
Mtx (6x6) | Vector x | Vector b
------------------------------------------
0.000   0.000   0.000   -1.000  -1.000  0.000    | 0.000   | 0.000  
0.000   0.010   -0.010  0.000   0.000   -1.000   | 0.000   | 0.000  
0.000   -0.010  0.010   0.000   0.000   1.000    | 0.000   | 0.000  
-1.000  0.000   0.000   0.000   0.000   0.000    | 0.000   | 2.939  
-1.000  0.000   0.000   0.000   -1000.000 -950.000  | 0.000   | -6.120 
0.000   -1.000  1.000   0.000   -950.000 -1000.000  | 0.000   | -4.113 
Node 0 : 0
Node 1 : -2.93893
Node 2 : -2.27477
Node 3 : 0
-----------------------------------
Step: 456  Time: 0.4560000
Mtx (6x6) | Vector x | Vector b
------------------------------------------
0.000   0.000   0.000   -1.000  -1.000  0.000    | 0.000   | 0.000  
0.000   0.010   -0.010  0.000   0.000   -1.000   | 0.000   | 0.000  
0.000   -0.010  0.010   0.000   0.000   1.000    | 0.000   | 0.000  
-1.000  0.000   0.000   0.000   0.000   0.000    | 0.000   | 3.423  
-1.000  0.000   0.000   0.000   -1000.000 -950.000  | 0.000   | -9.058 
0.000   -1.000  1.000   0.000   -950.000 -1000.000  | 0.000   | -6.388 
Node 0 : 0
Node 1 : -3.42274
Node 2 : -2.76937
Node 3 : 0
-----------------------------------
Step: 457  Time: 0.4570000
Mtx (6x6) | Vector x | Vector b
------------------------------------------
0.000   0.000   0.000   -1.000  -1.000  0.000    | 0.000   | 0.000  
0.000   0.010   -0.010  0.000   0.000   -1.000   | 0.000   | 0.000  
0.000   -0.010  0.010   0.000   0.000   1.000    | 0.000   | 0.000  
-1.000  0.000   0.000   0.000   0.000   0.000    | 0.000   | 3.853  
-1.000  0.000   0.000   0.000   -1000.000 -950.000  | 0.000   | -12.481
0.000   -1.000  1.000   0.000   -950.000 -1000.000  | 0.000   | -9.157 
Node 0 : 0
Node 1 : -3.85257
Node 2 : -3.22029
Node 3 : 0
-----------------------------------
Step: 458  Time: 0.4580000
Mtx (6x6) | Vector x | Vector b
------------------------------------------
0.000   0.000   0.000   -1.000  -1.000  0.000    | 0.000   | 0.000  
0.000   0.010   -0.010  0.000   0.000   -1.000   | 0.000   | 0.000  
0.000   -0.010  0.010   0.000   0.000   1.000    | 0.000   | 0.000  
-1.000  0.000   0.000   0.000   0.000   0.000    | 0.000   | 4.222  
-1.000  0.000   0.000   0.000   -1000.000 -950.000  | 0.000   | -16.334
0.000   -1.000  1.000   0.000   -950.000 -1000.000  | 0.000   | -12.377
Node 0 : 0
Node 1 : -4.22164
Node 2 : -3.62043
Node 3 : 0
-----------------------------------
Step: 459  Time: 0.4590000
Mtx (6x6) | Vector x | Vector b
------------------------------------------
0.000   0.000   0.000   -1.000  -1.000  0.000    | 0.000   | 0.000  
0.000   0.010   -0.010  0.000   0.000   -1.000   | 0.000   | 0.000  
0.000   -0.010  0.010   0.000   0.000   1.000    | 0.000   | 0.000  
-1.000  0.000   0.000   0.000   0.000   0.000    | 0.000   | 4.524  
-1.000  0.000   0.000   0.000   -1000.000 -950.000  | 0.000   | -20.555
0.000   -1.000  1.000   0.000   -950.000 -1000.000  | 0.000   | -15.998
Node 0 : 0
Node 1 : -4.52414
Node 2 : -3.96346
Node 3 : 0
-----------------------------------
Step: 460  Time: 0.4600000
Mtx (6x6) | Vector x | Vector b
------------------------------------------
0.000   0.000   0.000   -1.000  -1.000  0.000    | 0.000   | 0.000  
0.000   0.010   -0.010  0.000   0.000   -1.000   | 0.000   | 0.000  
0.000   -0.010  0.010   0.000   0.000   1.000    | 0.000   | 0.000  
-1.000  0.000   0.000   0.000   0.000   0.000    | 0.000   | 4.755  
-1.000  0.000   0.000   0.000   -1000.000 -950.000  | 0.000   | -25.080
0.000   -1.000  1.000   0.000   -950.000 -1000.000  | 0.000   | -19.961
Node 0 : 0
Node 1 : -4.75528
Node 2 : -4.244
Node 3 : 0
-----------------------------------
Step: 461  Time: 0.4610000
Mtx (6x6) | Vector x | Vector b
------------------------------------------
0.000   0.000   0.000   -1.000  -1.000  0.000    | 0.000   | 0.000  
0.000   0.010   -0.010  0.000   0.000   -1.000   | 0.000   | 0.000  
0.000   -0.010  0.010   0.000   0.000   1.000    | 0.000   | 0.000  
-1.000  0.000   0.000   0.000   0.000   0.000    | 0.000   | 4.911  
-1.000  0.000   0.000   0.000   -1000.000 -950.000  | 0.000   | -29.835
0.000   -1.000  1.000   0.000   -950.000 -1000.000  | 0.000   | -24.205
Node 0 : 0
Node 1 : -4.91144
Node 2 : -4.4576
Node 3 : 0
-----------------------------------
Step: 462  Time: 0.4620000
Mtx (6x6) | Vector x | Vector b
------------------------------------------
0.000   0.000   0.000   -1.000  -1.000  0.000    | 0.000   | 0.000  
0.000   0.010   -0.010  0.000   0.000   -1.000   | 0.000   | 0.000  
0.000   -0.010  0.010   0.000   0.000   1.000    | 0.000   | 0.000  
-1.000  0.000   0.000   0.000   0.000   0.000    | 0.000   | 4.990  
-1.000  0.000   0.000   0.000   -1000.000 -950.000  | 0.000   | -34.746
0.000   -1.000  1.000   0.000   -950.000 -1000.000  | 0.000   | -28.663
Node 0 : 0
Node 1 : -4.99013
Node 2 : -4.60091
Node 3 : 0
-----------------------------------
Step: 463  Time: 0.4630000
Mtx (6x6) | Vector x | Vector b
------------------------------------------
0.000   0.000   0.000   -1.000  -1.000  0.000    | 0.000   | 0.000  
0.000   0.010   -0.010  0.000   0.000   -1.000   | 0.000   | 0.000  
0.000   -0.010  0.010   0.000   0.000   1.000    | 0.000   | 0.000  
-1.000  0.000   0.000   0.000   0.000   0.000    | 0.000   | 4.990  
-1.000  0.000   0.000   0.000   -1000.000 -950.000  | 0.000   | -39.736
0.000   -1.000  1.000   0.000   -950.000 -1000.000  | 0.000   | -33.264
Node 0 : 0
Node 1 : -4.99013
Node 2 : -4.67165
Node 3 : 0
-----------------------------------
Step: 464  Time: 0.4640000
Mtx (6x6) | Vector x | Vector b
------------------------------------------
0.000   0.000   0.000   -1.000  -1.000  0.000    | 0.000   | 0.000  
0.000   0.010   -0.010  0.000   0.000   -1.000   | 0.000   | 0.000  
0.000   -0.010  0.010   0.000   0.000   1.000    | 0.000   | 0.000  
-1.000  0.000   0.000   0.000   0.000   0.000    | 0.000   | 4.911  
-1.000  0.000   0.000   0.000   -1000.000 -950.000  | 0.000   | -44.726
0.000   -1.000  1.000   0.000   -950.000 -1000.000  | 0.000   | -37.935
Node 0 : 0
Node 1 : -4.91144
Node 2 : -4.66872
Node 3 : 0
-----------------------------------
Step: 465  Time: 0.4650000
Mtx (6x6) | Vector x | Vector b
------------------------------------------
0.000   0.000   0.000   -1.000  -1.000  0.000    | 0.000   | 0.000  
0.000   0.010   -0.010  0.000   0.000   -1.000   | 0.000   | 0.000  
0.000   -0.010  0.010   0.000   0.000   1.000    | 0.000   | 0.000  
-1.000  0.000   0.000   0.000   0.000   0.000    | 0.000   | 4.755  
-1.000  0.000   0.000   0.000   -1000.000 -950.000  | 0.000   | -49.638
0.000   -1.000  1.000   0.000   -950.000 -1000.000  | 0.000   | -42.604
Node 0 : 0
Node 1 : -4.75528
Node 2 : -4.59216
Node 3 : 0
-----------------------------------
Step: 466  Time: 0.4660000
Mtx (6x6) | Vector x | Vector b
------------------------------------------
0.000   0.000   0.000   -1.000  -1.000  0.000    | 0.000   | 0.000  
0.000   0.010   -0.010  0.000   0.000   -1.000   | 0.000   | 0.000  
0.000   -0.010  0.010   0.000   0.000   1.000    | 0.000   | 0.000  
-1.000  0.000   0.000   0.000   0.000   0.000    | 0.000   | 4.524  
-1.000  0.000   0.000   0.000   -1000.000 -950.000  | 0.000   | -54.393
0.000   -1.000  1.000   0.000   -950.000 -1000.000  | 0.000   | -47.196
Node 0 : 0
Node 1 : -4.52414
Node 2 : -4.44318
Node 3 : 0
-----------------------------------
Step: 467  Time: 0.4670000
Mtx (6x6) | Vector x | Vector b
------------------------------------------
0.000   0.000   0.000   -1.000  -1.000  0.000    | 0.000   | 0.000  
0.000   0.010   -0.010  0.000   0.000   -1.000   | 0.000   | 0.000  
0.000   -0.010  0.010   0.000   0.000   1.000    | 0.000   | 0.000  
-1.000  0.000   0.000   0.000   0.000   0.000    | 0.000   | 4.222  
-1.000  0.000   0.000   0.000   -1000.000 -950.000  | 0.000   | -58.917
0.000   -1.000  1.000   0.000   -950.000 -1000.000  | 0.000   | -51.639
Node 0 : 0
Node 1 : -4.22164
Node 2 : -4.22413
Node 3 : 0
-----------------------------------
Step: 468  Time: 0.4680000
Mtx (6x6) | Vector x | Vector b
------------------------------------------
0.000   0.000   0.000   -1.000  -1.000  0.000    | 0.000   | 0.000  
0.000   0.010   -0.010  0.000   0.000   -1.000   | 0.000   | 0.000  
0.000   -0.010  0.010   0.000   0.000   1.000    | 0.000   | 0.000  
-1.000  0.000   0.000   0.000   0.000   0.000    | 0.000   | 3.853  
-1.000  0.000   0.000   0.000   -1000.000 -950.000  | 0.000   | -63.139
0.000   -1.000  1.000   0.000   -950.000 -1000.000  | 0.000   | -55.864
Node 0 : 0
Node 1 : -3.85257
Node 2 : -3.93846
Node 3 : 0
-----------------------------------
Step: 469  Time: 0.4690000
Mtx (6x6) | Vector x | Vector b
------------------------------------------
0.000   0.000   0.000   -1.000  -1.000  0.000    | 0.000   | 0.000  
0.000   0.010   -0.010  0.000   0.000   -1.000   | 0.000   | 0.000  
0.000   -0.010  0.010   0.000   0.000   1.000    | 0.000   | 0.000  
-1.000  0.000   0.000   0.000   0.000   0.000    | 0.000   | 3.423  
-1.000  0.000   0.000   0.000   -1000.000 -950.000  | 0.000   | -66.992
0.000   -1.000  1.000   0.000   -950.000 -1000.000  | 0.000   | -59.802
Node 0 : 0
Node 1 : -3.42274
Node 2 : -3.59068
Node 3 : 0
-----------------------------------
Step: 470  Time: 0.4700000
Mtx (6x6) | Vector x | Vector b
------------------------------------------
0.000   0.000   0.000   -1.000  -1.000  0.000    | 0.000   | 0.000  
0.000   0.010   -0.010  0.000   0.000   -1.000   | 0.000   | 0.000  
0.000   -0.010  0.010   0.000   0.000   1.000    | 0.000   | 0.000  
-1.000  0.000   0.000   0.000   0.000   0.000    | 0.000   | 2.939  
-1.000  0.000   0.000   0.000   -1000.000 -950.000  | 0.000   | -70.414
0.000   -1.000  1.000   0.000   -950.000 -1000.000  | 0.000   | -63.393
Node 0 : 0
Node 1 : -2.93893
Node 2 : -3.18628
Node 3 : 0
-----------------------------------
Step: 471  Time: 0.4710000
Mtx (6x6) | Vector x | Vector b
------------------------------------------
0.000   0.000   0.000   -1.000  -1.000  0.000    | 0.000   | 0.000  
0.000   0.010   -0.010  0.000   0.000   -1.000   | 0.000   | 0.000  
0.000   -0.010  0.010   0.000   0.000   1.000    | 0.000   | 0.000  
-1.000  0.000   0.000   0.000   0.000   0.000    | 0.000   | 2.409  
-1.000  0.000   0.000   0.000   -1000.000 -950.000  | 0.000   | -73.353
0.000   -1.000  1.000   0.000   -950.000 -1000.000  | 0.000   | -66.579
Node 0 : 0
Node 1 : -2.40877
Node 2 : -2.73162
Node 3 : 0
-----------------------------------
Step: 472  Time: 0.4720000
Mtx (6x6) | Vector x | Vector b
------------------------------------------
0.000   0.000   0.000   -1.000  -1.000  0.000    | 0.000   | 0.000  
0.000   0.010   -0.010  0.000   0.000   -1.000   | 0.000   | 0.000  
0.000   -0.010  0.010   0.000   0.000   1.000    | 0.000   | 0.000  
-1.000  0.000   0.000   0.000   0.000   0.000    | 0.000   | 1.841  
-1.000  0.000   0.000   0.000   -1000.000 -950.000  | 0.000   | -75.762
0.000   -1.000  1.000   0.000   -950.000 -1000.000  | 0.000   | -69.311
Node 0 : 0
Node 1 : -1.84062
Node 2 : -2.23388
Node 3 : 0
-----------------------------------
Step: 473  Time: 0.4730000
Mtx (6x6) | Vector x | Vector b
------------------------------------------
0.000   0.000   0.000   -1.000  -1.000  0.000    | 0.000   | 0.000  
0.000   0.010   -0.010  0.000   0.000   -1.000   | 0.000   | 0.000  
0.000   -0.010  0.010   0.000   0.000   1.000    | 0.000   | 0.000  
-1.000  0.000   0.000   0.000   0.000   0.000    | 0.000   | 1.243  
-1.000  0.000   0.000   0.000   -1000.000 -950.000  | 0.000   | -77.603
0.000   -1.000  1.000   0.000   -950.000 -1000.000  | 0.000   | -71.544
Node 0 : 0
Node 1 : -1.24345
Node 2 : -1.70092
Node 3 : 0
-----------------------------------
Step: 474  Time: 0.4740000
Mtx (6x6) | Vector x | Vector b
------------------------------------------
0.000   0.000   0.000   -1.000  -1.000  0.000    | 0.000   | 0.000  
0.000   0.010   -0.010  0.000   0.000   -1.000   | 0.000   | 0.000  
0.000   -0.010  0.010   0.000   0.000   1.000    | 0.000   | 0.000  
-1.000  0.000   0.000   0.000   0.000   0.000    | 0.000   | 0.627  
-1.000  0.000   0.000   0.000   -1000.000 -950.000  | 0.000   | -78.846
0.000   -1.000  1.000   0.000   -950.000 -1000.000  | 0.000   | -73.245
Node 0 : 0
Node 1 : -0.626666
Node 2 : -1.14113
Node 3 : 0
-----------------------------------
Step: 475  Time: 0.4750000
Mtx (6x6) | Vector x | Vector b
------------------------------------------
0.000   0.000   0.000   -1.000  -1.000  0.000    | 0.000   | 0.000  
0.000   0.010   -0.010  0.000   0.000   -1.000   | 0.000   | 0.000  
0.000   -0.010  0.010   0.000   0.000   1.000    | 0.000   | 0.000  
-1.000  0.000   0.000   0.000   0.000   0.000    | 0.000   | -0.000 
-1.000  0.000   0.000   0.000   -1000.000 -950.000  | 0.000   | -79.473
0.000   -1.000  1.000   0.000   -950.000 -1000.000  | 0.000   | -74.386
Node 0 : 0
Node 1 : 0
Node 2 : -0.563342
Node 3 : 0
-----------------------------------
Step: 476  Time: 0.4760000
Mtx (6x6) | Vector x | Vector b
------------------------------------------
0.000   0.000   0.000   -1.000  -1.000  0.000    | 0.000   | 0.000  
0.000   0.010   -0.010  0.000   0.000   -1.000   | 0.000   | 0.000  
0.000   -0.010  0.010   0.000   0.000   1.000    | 0.000   | 0.000  
-1.000  0.000   0.000   0.000   0.000   0.000    | 0.000   | -0.627 
-1.000  0.000   0.000   0.000   -1000.000 -950.000  | 0.000   | -79.473
0.000   -1.000  1.000   0.000   -950.000 -1000.000  | 0.000   | -74.950
Node 0 : 0
Node 1 : 0.626666
Node 2 : 0.0233289
Node 3 : 0
-----------------------------------
Step: 477  Time: 0.4770000
Mtx (6x6) | Vector x | Vector b
------------------------------------------
0.000   0.000   0.000   -1.000  -1.000  0.000    | 0.000   | 0.000  
0.000   0.010   -0.010  0.000   0.000   -1.000   | 0.000   | 0.000  
0.000   -0.010  0.010   0.000   0.000   1.000    | 0.000   | 0.000  
-1.000  0.000   0.000   0.000   0.000   0.000    | 0.000   | -1.243 
-1.000  0.000   0.000   0.000   -1000.000 -950.000  | 0.000   | -78.846
0.000   -1.000  1.000   0.000   -950.000 -1000.000  | 0.000   | -74.927
Node 0 : 0
Node 1 : 1.24345
Node 2 : 0.609632
Node 3 : 0
-----------------------------------
Step: 478  Time: 0.4780000
Mtx (6x6) | Vector x | Vector b
------------------------------------------
0.000   0.000   0.000   -1.000  -1.000  0.000    | 0.000   | 0.000  
0.000   0.010   -0.010  0.000   0.000   -1.000   | 0.000   | 0.000  
0.000   -0.010  0.010   0.000   0.000   1.000    | 0.000   | 0.000  
-1.000  0.000   0.000   0.000   0.000   0.000    | 0.000   | -1.841 
-1.000  0.000   0.000   0.000   -1000.000 -950.000  | 0.000   | -77.603
0.000   -1.000  1.000   0.000   -950.000 -1000.000  | 0.000   | -74.317
Node 0 : 0
Node 1 : 1.84062
Node 2 : 1.18632
Node 3 : 0
-----------------------------------
Step: 479  Time: 0.4790000
Mtx (6x6) | Vector x | Vector b
------------------------------------------
0.000   0.000   0.000   -1.000  -1.000  0.000    | 0.000   | 0.000  
0.000   0.010   -0.010  0.000   0.000   -1.000   | 0.000   | 0.000  
0.000   -0.010  0.010   0.000   0.000   1.000    | 0.000   | 0.000  
-1.000  0.000   0.000   0.000   0.000   0.000    | 0.000   | -2.409 
-1.000  0.000   0.000   0.000   -1000.000 -950.000  | 0.000   | -75.762
0.000   -1.000  1.000   0.000   -950.000 -1000.000  | 0.000   | -73.131
Node 0 : 0
Node 1 : 2.40877
Node 2 : 1.7443
Node 3 : 0
-----------------------------------
Step: 480  Time: 0.4800000
Mtx (6x6) | Vector x | Vector b
------------------------------------------
0.000   0.000   0.000   -1.000  -1.000  0.000    | 0.000   | 0.000  
0.000   0.010   -0.010  0.000   0.000   -1.000   | 0.000   | 0.000  
0.000   -0.010  0.010   0.000   0.000   1.000    | 0.000   | 0.000  
-1.000  0.000   0.000   0.000   0.000   0.000    | 0.000   | -2.939 
-1.000  0.000   0.000   0.000   -1000.000 -950.000  | 0.000   | -73.353
0.000   -1.000  1.000   0.000   -950.000 -1000.000  | 0.000   | -71.386
Node 0 : 0
Node 1 : 2.93893
Node 2 : 2.27477
Node 3 : 0
-----------------------------------
Step: 481  Time: 0.4810000
Mtx (6x6) | Vector x | Vector b
------------------------------------------
0.000   0.000   0.000   -1.000  -1.000  0.000    | 0.000   | 0.000  
0.000   0.010   -0.010  0.000   0.000   -1.000   | 0.000   | 0.000  
0.000   -0.010  0.010   0.000   0.000   1.000    | 0.000   | 0.000  
-1.000  0.000   0.000   0.000   0.000   0.000    | 0.000   | -3.423 
-1.000  0.000   0.000   0.000   -1000.000 -950.000  | 0.000   | -70.414
0.000   -1.000  1.000   0.000   -950.000 -1000.000  | 0.000   | -69.111
Node 0 : 0
Node 1 : 3.42274
Node 2 : 2.76937
Node 3 : 0
-----------------------------------
Step: 482  Time: 0.4820000
Mtx (6x6) | Vector x | Vector b
------------------------------------------
0.000   0.000   0.000   -1.000  -1.000  0.000    | 0.000   | 0.000  
0.000   0.010   -0.010  0.000   0.000   -1.000   | 0.000   | 0.000  
0.000   -0.010  0.010   0.000   0.000   1.000    | 0.000   | 0.000  
-1.000  0.000   0.000   0.000   0.000   0.000    | 0.000   | -3.853 
-1.000  0.000   0.000   0.000   -1000.000 -950.000  | 0.000   | -66.992
0.000   -1.000  1.000   0.000   -950.000 -1000.000  | 0.000   | -66.342
Node 0 : 0
Node 1 : 3.85257
Node 2 : 3.22029
Node 3 : 0
-----------------------------------
Step: 483  Time: 0.4830000
Mtx (6x6) | Vector x | Vector b
------------------------------------------
0.000   0.000   0.000   -1.000  -1.000  0.000    | 0.000   | 0.000  
0.000   0.010   -0.010  0.000   0.000   -1.000   | 0.000   | 0.000  
0.000   -0.010  0.010   0.000   0.000   1.000    | 0.000   | 0.000  
-1.000  0.000   0.000   0.000   0.000   0.000    | 0.000   | -4.222 
-1.000  0.000   0.000   0.000   -1000.000 -950.000  | 0.000   | -63.139
0.000   -1.000  1.000   0.000   -950.000 -1000.000  | 0.000   | -63.122
Node 0 : 0
Node 1 : 4.22164
Node 2 : 3.62043
Node 3 : 0
-----------------------------------
Step: 484  Time: 0.4840000
Mtx (6x6) | Vector x | Vector b
------------------------------------------
0.000   0.000   0.000   -1.000  -1.000  0.000    | 0.000   | 0.000  
0.000   0.010   -0.010  0.000   0.000   -1.000   | 0.000   | 0.000  
0.000   -0.010  0.010   0.000   0.000   1.000    | 0.000   | 0.000  
-1.000  0.000   0.000   0.000   0.000   0.000    | 0.000   | -4.524 
-1.000  0.000   0.000   0.000   -1000.000 -950.000  | 0.000   | -58.917
0.000   -1.000  1.000   0.000   -950.000 -1000.000  | 0.000   | -59.501
Node 0 : 0
Node 1 : 4.52414
Node 2 : 3.96346
Node 3 : 0
-----------------------------------
Step: 485  Time: 0.4850000
Mtx (6x6) | Vector x | Vector b
------------------------------------------
0.000   0.000   0.000   -1.000  -1.000  0.000    | 0.000   | 0.000  
0.000   0.010   -0.010  0.000   0.000   -1.000   | 0.000   | 0.000  
0.000   -0.010  0.010   0.000   0.000   1.000    | 0.000   | 0.000  
-1.000  0.000   0.000   0.000   0.000   0.000    | 0.000   | -4.755 
-1.000  0.000   0.000   0.000   -1000.000 -950.000  | 0.000   | -54.393
0.000   -1.000  1.000   0.000   -950.000 -1000.000  | 0.000   | -55.538
Node 0 : 0
Node 1 : 4.75528
Node 2 : 4.244
Node 3 : 0
-----------------------------------
Step: 486  Time: 0.4860000
Mtx (6x6) | Vector x | Vector b
------------------------------------------
0.000   0.000   0.000   -1.000  -1.000  0.000    | 0.000   | 0.000  
0.000   0.010   -0.010  0.000   0.000   -1.000   | 0.000   | 0.000  
0.000   -0.010  0.010   0.000   0.000   1.000    | 0.000   | 0.000  
-1.000  0.000   0.000   0.000   0.000   0.000    | 0.000   | -4.911 
-1.000  0.000   0.000   0.000   -1000.000 -950.000  | 0.000   | -49.638
0.000   -1.000  1.000   0.000   -950.000 -1000.000  | 0.000   | -51.294
Node 0 : 0
Node 1 : 4.91144
Node 2 : 4.4576
Node 3 : 0
-----------------------------------
Step: 487  Time: 0.4870000
Mtx (6x6) | Vector x | Vector b
------------------------------------------
0.000   0.000   0.000   -1.000  -1.000  0.000    | 0.000   | 0.000  
0.000   0.010   -0.010  0.000   0.000   -1.000   | 0.000   | 0.000  
0.000   -0.010  0.010   0.000   0.000   1.000    | 0.000   | 0.000  
-1.000  0.000   0.000   0.000   0.000   0.000    | 0.000   | -4.990 
-1.000  0.000   0.000   0.000   -1000.000 -950.000  | 0.000   | -44.726
0.000   -1.000  1.000   0.000   -950.000 -1000.000  | 0.000   | -46.836
Node 0 : 0
Node 1 : 4.99013
Node 2 : 4.60091
Node 3 : 0
-----------------------------------
Step: 488  Time: 0.4880000
Mtx (6x6) | Vector x | Vector b
------------------------------------------
0.000   0.000   0.000   -1.000  -1.000  0.000    | 0.000   | 0.000  
0.000   0.010   -0.010  0.000   0.000   -1.000   | 0.000   | 0.000  
0.000   -0.010  0.010   0.000   0.000   1.000    | 0.000   | 0.000  
-1.000  0.000   0.000   0.000   0.000   0.000    | 0.000   | -4.990 
-1.000  0.000   0.000   0.000   -1000.000 -950.000  | 0.000   | -39.736
0.000   -1.000  1.000   0.000   -950.000 -1000.000  | 0.000   | -42.235
Node 0 : 0
Node 1 : 4.99013
Node 2 : 4.67165
Node 3 : 0
-----------------------------------
Step: 489  Time: 0.4890000
Mtx (6x6) | Vector x | Vector b
------------------------------------------
0.000   0.000   0.000   -1.000  -1.000  0.000    | 0.000   | 0.000  
0.000   0.010   -0.010  0.000   0.000   -1.000   | 0.000   | 0.000  
0.000   -0.010  0.010   0.000   0.000   1.000    | 0.000   | 0.000  
-1.000  0.000   0.000   0.000   0.000   0.000    | 0.000   | -4.911 
-1.000  0.000   0.000   0.000   -1000.000 -950.000  | 0.000   | -34.746
0.000   -1.000  1.000   0.000   -950.000 -1000.000  | 0.000   | -37.564
Node 0 : 0
Node 1 : 4.91144
Node 2 : 4.66872
Node 3 : 0
-----------------------------------
Step: 490  Time: 0.4900000
Mtx (6x6) | Vector x | Vector b
------------------------------------------
0.000   0.000   0.000   -1.000  -1.000  0.000    | 0.000   | 0.000  
0.000   0.010   -0.010  0.000   0.000   -1.000   | 0.000   | 0.000  
0.000   -0.010  0.010   0.000   0.000   1.000    | 0.000   | 0.000  
-1.000  0.000   0.000   0.000   0.000   0.000    | 0.000   | -4.755 
-1.000  0.000   0.000   0.000   -1000.000 -950.000  | 0.000   | -29.835
0.000   -1.000  1.000   0.000   -950.000 -1000.000  | 0.000   | -32.895
Node 0 : 0
Node 1 : 4.75528
Node 2 : 4.59216
Node 3 : 0
-----------------------------------
Step: 491  Time: 0.4910000
Mtx (6x6) | Vector x | Vector b
------------------------------------------
0.000   0.000   0.000   -1.000  -1.000  0.000    | 0.000   | 0.000  
0.000   0.010   -0.010  0.000   0.000   -1.000   | 0.000   | 0.000  
0.000   -0.010  0.010   0.000   0.000   1.000    | 0.000   | 0.000  
-1.000  0.000   0.000   0.000   0.000   0.000    | 0.000   | -4.524 
-1.000  0.000   0.000   0.000   -1000.000 -950.000  | 0.000   | -25.080
0.000   -1.000  1.000   0.000   -950.000 -1000.000  | 0.000   | -28.303
Node 0 : 0
Node 1 : 4.52414
Node 2 : 4.44318
Node 3 : 0
-----------------------------------
Step: 492  Time: 0.4920000
Mtx (6x6) | Vector x | Vector b
------------------------------------------
0.000   0.000   0.000   -1.000  -1.000  0.000    | 0.000   | 0.000  
0.000   0.010   -0.010  0.000   0.000   -1.000   | 0.000   | 0.000  
0.000   -0.010  0.010   0.000   0.000   1.000    | 0.000   | 0.000  
-1.000  0.000   0.000   0.000   0.000   0.000    | 0.000   | -4.222 
-1.000  0.000   0.000   0.000   -1000.000 -950.000  | 0.000   | -20.555
0.000   -1.000  1.000   0.000   -950.000 -1000.000  | 0.000   | -23.860
Node 0 : 0
Node 1 : 4.22164
Node 2 : 4.22413
Node 3 : 0
-----------------------------------
Step: 493  Time: 0.4930000
Mtx (6x6) | Vector x | Vector b
------------------------------------------
0.000   0.000   0.000   -1.000  -1.000  0.000    | 0.000   | 0.000  
0.000   0.010   -0.010  0.000   0.000   -1.000   | 0.000   | 0.000  
0.000   -0.010  0.010   0.000   0.000   1.000    | 0.000   | 0.000  
-1.000  0.000   0.000   0.000   0.000   0.000    | 0.000   | -3.853 
-1.000  0.000   0.000   0.000   -1000.000 -950.000  | 0.000   | -16.334
0.000   -1.000  1.000   0.000   -950.000 -1000.000  | 0.000   | -19.636
Node 0 : 0
Node 1 : 3.85257
Node 2 : 3.93846
Node 3 : 0
-----------------------------------
Step: 494  Time: 0.4940000
Mtx (6x6) | Vector x | Vector b
------------------------------------------
0.000   0.000   0.000   -1.000  -1.000  0.000    | 0.000   | 0.000  
0.000   0.010   -0.010  0.000   0.000   -1.000   | 0.000   | 0.000  
0.000   -0.010  0.010   0.000   0.000   1.000    | 0.000   | 0.000  
-1.000  0.000   0.000   0.000   0.000   0.000    | 0.000   | -3.423 
-1.000  0.000   0.000   0.000   -1000.000 -950.000  | 0.000   | -12.481
0.000   -1.000  1.000   0.000   -950.000 -1000.000  | 0.000   | -15.697
Node 0 : 0
Node 1 : 3.42274
Node 2 : 3.59068
Node 3 : 0
-----------------------------------
Step: 495  Time: 0.4950000
Mtx (6x6) | Vector x | Vector b
------------------------------------------
0.000   0.000   0.000   -1.000  -1.000  0.000    | 0.000   | 0.000  
0.000   0.010   -0.010  0.000   0.000   -1.000   | 0.000   | 0.000  
0.000   -0.010  0.010   0.000   0.000   1.000    | 0.000   | 0.000  
-1.000  0.000   0.000   0.000   0.000   0.000    | 0.000   | -2.939 
-1.000  0.000   0.000   0.000   -1000.000 -950.000  | 0.000   | -9.058 
0.000   -1.000  1.000   0.000   -950.000 -1000.000  | 0.000   | -12.106
Node 0 : 0
Node 1 : 2.93893
Node 2 : 3.18628
Node 3 : 0
-----------------------------------
Step: 496  Time: 0.4960000
Mtx (6x6) | Vector x | Vector b
------------------------------------------
0.000   0.000   0.000   -1.000  -1.000  0.000    | 0.000   | 0.000  
0.000   0.010   -0.010  0.000   0.000   -1.000   | 0.000   | 0.000  
0.000   -0.010  0.010   0.000   0.000   1.000    | 0.000   | 0.000  
-1.000  0.000   0.000   0.000   0.000   0.000    | 0.000   | -2.409 
-1.000  0.000   0.000   0.000   -1000.000 -950.000  | 0.000   | -6.120 
0.000   -1.000  1.000   0.000   -950.000 -1000.000  | 0.000   | -8.920 
Node 0 : 0
Node 1 : 2.40877
Node 2 : 2.73162
Node 3 : 0
-----------------------------------
Step: 497  Time: 0.4970000
Mtx (6x6) | Vector x | Vector b
------------------------------------------
0.000   0.000   0.000   -1.000  -1.000  0.000    | 0.000   | 0.000  
0.000   0.010   -0.010  0.000   0.000   -1.000   | 0.000   | 0.000  
0.000   -0.010  0.010   0.000   0.000   1.000    | 0.000   | 0.000  
-1.000  0.000   0.000   0.000   0.000   0.000    | 0.000   | -1.841 
-1.000  0.000   0.000   0.000   -1000.000 -950.000  | 0.000   | -3.711 
0.000   -1.000  1.000   0.000   -950.000 -1000.000  | 0.000   | -6.189 
Node 0 : 0
Node 1 : 1.84062
Node 2 : 2.23388
Node 3 : 0
-----------------------------------
Step: 498  Time: 0.4980000
Mtx (6x6) | Vector x | Vector b
------------------------------------------
0.000   0.000   0.000   -1.000  -1.000  0.000    | 0.000   | 0.000  
0.000   0.010   -0.010  0.000   0.000   -1.000   | 0.000   | 0.000  
0.000   -0.010  0.010   0.000   0.000   1.000    | 0.000   | 0.000  
-1.000  0.000   0.000   0.000   0.000   0.000    | 0.000   | -1.243 
-1.000  0.000   0.000   0.000   -1000.000 -950.000  | 0.000   | -1.870 
0.000   -1.000  1.000   0.000   -950.000 -1000.000  | 0.000   | -3.955 
Node 0 : 0
Node 1 : 1.24345
Node 2 : 1.70092
Node 3 : 0
-----------------------------------
Step: 499  Time: 0.4990000
Mtx (6x6) | Vector x | Vector b
------------------------------------------
0.000   0.000   0.000   -1.000  -1.000  0.000    | 0.000   | 0.000  
0.000   0.010   -0.010  0.000   0.000   -1.000   | 0.000   | 0.000  
0.000   -0.010  0.010   0.000   0.000   1.000    | 0.000   | 0.000  
-1.000  0.000   0.000   0.000   0.000   0.000    | 0.000   | -0.627 
-1.000  0.000   0.000   0.000   -1000.000 -950.000  | 0.000   | -0.627 
0.000   -1.000  1.000   0.000   -950.000 -1000.000  | 0.000   | -2.254 
Node 0 : 0
Node 1 : 0.626666
Node 2 : 1.14113
Node 3 : 0
-----------------------------------
